ver.list,type.v,act.time,degree.v,betweenness.v,constraint.v,eigen.cen.v,largest.bicomp,cutpoint,embeddedness,edge.clust,szieof.edge.com,walktrap.com,szieof.walktrap.com,louvain.com,szieof.louvain.com,peckt,regular,traditional,main.issue,time.scale,china,labor,gender,environment,land,act.time.date
12五一遊行,event,2012-05-01,30,0.87,96.6667,27.3894,1,1,8,1,190,2,181,20,186,2012-05-01,1,1,勞工,1,0,1,0,0,0,2012-05-01
團結工聯,group,2012-05-01 to 2017-05-01,11,0.1826,90.9091,18.7231,1,0,8,1,190,2,181,20,186,,,,,,,,,,,
12六四晚會,event,2012-06-04,9,0.281,88.8889,5.117,1,1,4,2,88,5,52,15,148,2012-06-04,1,1,人權,1,1,0,0,0,0,2012-06-04
台灣學生促進中國民主化促進會,group,2012-06-04 to 2017-06-04,7,0.0246,85.7143,1.7072,1,0,4,2,88,5,52,15,148,,,,,,,,,,,
12反核遊行,event,2012-03-11,69,6.6278,98.5507,65.9162,1,1,8,3,158,1,258,21,153,2012-03-11,1,1,環境,1,0,0,0,1,0,2012-03-11
人本教育基金會,group,2012-03-11 to 2018-03-10,13,0.4332,92.3077,28.8295,1,0,8,3,158,1,258,15,148,,,,,,,,,,,
12同志遊行,event,2012-10-27,19,0.9473,94.7368,13.8228,1,1,6,4,102,4,101,14,116,2012-10-27,1,1,性別,1,0,0,1,0,0,2012-10-27
台灣同志遊行聯盟,group,2012-10-27 to 2017-10-28,6,0.0425,83.3333,4.9184,1,0,6,4,102,4,101,14,116,,,,,,,,,,,
12圖博遊行,event,2012-03-10,5,0.1968,80,0.8341,1,1,3,2,88,5,52,15,148,2012-03-10,1,1,人權,1,1,0,0,0,0,2012-03-10
在台藏人福利協會,group,2012-03-10 to 2018-03-10,6,0.0635,83.3333,2.8043,1,0,4,2,88,5,52,15,148,,,,,,,,,,,
12秋鬥,event,2012-11-25,37,1.6801,97.2973,47.1287,1,0,8,1,190,2,181,20,186,2012-11-25,1,1,勞工,1,0,1,0,0,0,2012-11-25
人民火大行動聯盟,group,2012-03-11 to 2017-03-11,20,2.5201,95,43.6344,1,0,8,1,190,1,258,20,186,,,,,,,,,,,
12障礙遊行,event,2012-11-10,1,0,0,0.0111,0,0,1,5,4,33,4,14,116,2012-11-10,1,1,障礙,1,0,0,0,0,0,2012-11-10
千障權益行動聯盟,group,2012-11-10 to 2015-10-16,4,0.5673,75,0.2088,0,1,1,5,4,33,4,14,116,,,,,,,,,,,
13五一遊行,event,2013-05-01,21,1.7951,95.2381,16.8805,1,1,8,1,190,2,181,20,186,2013-05-01,1,1,勞工,1,0,1,0,0,0,2013-05-01
全國關廠工人連線,group,2013-02-03 to 2017-05-01,15,0.4989,93.3333,20.8821,1,0,8,1,190,2,181,20,186,,,,,,,,,,,
13六四晚會,event,2013-06-04,9,0.2826,88.8889,5.2679,1,1,4,2,88,5,52,15,148,2013-06-04,1,1,人權,1,1,0,0,0,0,2013-06-04
13共生音樂節,event,2013-02-28,5,0.2206,80,2.1391,1,1,1,6,25,5,52,18,65,2013-02-28,1,1,轉型正義,1,0,0,0,0,0,2013-02-28
台灣國家聯盟,group,2013-02-28 to 2018-02-28,5,0.0386,80,1.7025,1,0,1,6,25,7,21,18,65,,,,,,,,,,,
13反核遊行,event,2013-03-09,111,12.1083,99.0991,100,1,1,8,3,158,1,258,21,153,2013-03-09,1,1,環境,1,0,0,0,1,0,2013-03-09
248農學市集,group,2013-03-09 to 2013-03-09,1,0,0,5.3364,0,0,1,3,158,1,258,21,153,,,,,,,,,,,
13同志遊行,event,2013-10-26,12,0.081,91.6667,7.9517,1,0,6,4,102,4,101,14,116,2013-10-26,1,1,性別,1,0,0,1,0,0,2013-10-26
13圖博遊行,event,2013-03-10,5,0.0904,80,3.335,1,0,4,2,88,5,52,15,148,2013-03-10,1,1,人權,1,1,0,0,0,0,2013-03-10
13秋鬥,event,2013-11-17,55,4.161,98.1818,57.1715,1,1,8,1,190,2,181,20,186,2013-11-17,1,1,勞工,1,0,1,0,0,0,2013-11-17
13移工遊行,event,2013-12-15,2,6e-04,50,2.5109,1,0,2,1,190,2,181,20,186,2013-12-15,1,1,勞工,1,0,1,0,0,0,2013-12-15
台灣移工聯盟,group,2012-05-01 to 2018-06-03,10,0.1646,90,13.1932,1,0,6,1,190,2,181,20,186,,,,,,,,,,,
13障礙遊行,event,2013-11-30,1,0,0,0.0111,0,0,1,5,4,33,4,14,116,2013-11-30,1,1,障礙,1,0,0,0,0,0,2013-11-30
14五一遊行,event,2014-05-01,45,3.2667,97.7778,34.3112,1,1,8,1,190,2,181,20,186,2014-05-01,1,1,勞工,2,0,1,0,0,0,2014-05-01
14六四晚會,event,2014-06-04,4,0.0146,75,2.1814,1,0,4,2,88,5,52,15,148,2014-06-04,1,1,人權,2,1,0,0,0,0,2014-06-04
14共生音樂節,event,2014-02-28,7,0.3144,85.7143,4.1927,1,1,2,6,25,7,21,18,65,2014-02-28,1,1,轉型正義,1,0,0,0,0,0,2014-02-28
14反核遊行,event,2014-03-08,46,2.4179,97.8261,53.791,1,1,8,3,158,1,258,21,153,2014-03-08,1,1,環境,1,0,0,0,1,0,2014-03-08
全國廢核行動平台,group,2013-10-10 to 2018-03-11,7,0.0537,85.7143,13.3539,1,0,6,3,158,1,258,19,73,,,,,,,,,,,
14同志遊行,event,2014-10-25,36,2.2784,97.2222,14.4709,1,1,6,4,102,4,101,14,116,2014-10-25,1,1,性別,2,0,0,1,0,0,2014-10-25
14圖博遊行,event,2014-03-09,8,0.4195,87.5,6.6467,1,1,4,2,88,5,52,15,148,2014-03-09,1,1,人權,1,1,0,0,0,0,2014-03-09
台北市在台西藏人福利協會,group,2014-03-09 to 2014-03-09,1,0,0,0.3547,0,0,1,2,88,5,52,15,148,,,,,,,,,,,
14秋鬥,event,2014-11-09,52,3.7167,98.0769,57.0634,1,1,8,1,190,2,181,20,186,2014-11-09,1,1,勞工,2,0,1,0,0,0,2014-11-09
14障礙遊行,event,2014-11-07,1,0,0,0.0111,0,0,1,5,4,33,4,14,116,2014-11-07,1,1,障礙,2,0,0,0,0,0,2014-11-07
15五一遊行,event,2015-05-01,31,1.1026,96.7742,27.8702,1,1,8,1,190,2,181,20,186,2015-05-01,1,1,勞工,2,0,0,0,0,0,2015-05-01
15六四晚會,event,2015-06-04,3,0.0027,66.6667,0.8052,1,0,3,2,88,5,52,15,148,2015-06-04,1,1,人權,2,1,0,0,0,0,2015-06-04
台灣關懷中國人權聯盟,group,2012-06-04 to 2018-06-04,10,0.1001,90,4.2981,1,0,4,2,88,5,52,15,148,,,,,,,,,,,
15共生音樂節,event,2015-02-28,10,0.4465,90,4.7679,1,1,2,6,25,7,21,18,65,2015-02-28,1,1,轉型正義,2,0,0,0,0,0,2015-02-28
共生音樂節籌備團隊,group,2015-02-28 to 2018-02-28,5,0.0415,80,1.7723,1,0,1,6,25,7,21,18,65,,,,,,,,,,,
15反核遊行,event,2015-03-14,78,7.7292,98.7179,79.7298,1,1,8,3,158,1,258,21,153,2015-03-14,1,1,環境,2,0,0,0,1,0,2015-03-14
15台北反空污遊行,event,2015-12-26,12,0.2336,91.6667,4.4888,1,0,4,7,89,6,70,16,104,2015-12-26,1,1,環境,2,0,0,0,1,0,2015-12-26
台灣健康空氣行動聯盟,group,2015-06-06 to 2018-03-11,7,0.326,85.7143,3.7226,1,0,4,7,89,6,70,16,104,,,,,,,,,,,
15同志遊行,event,2015-10-31,33,1.7156,96.9697,15.679,1,1,6,4,102,4,101,14,116,2015-10-31,1,1,性別,2,0,0,1,0,0,2015-10-31
15圖博遊行,event,2015-03-10,23,1.6116,95.6522,15.1001,1,1,6,2,88,5,52,15,148,2015-03-10,1,1,人權,2,1,0,0,0,0,2015-03-10
台灣人權促進會,group,2012-03-11 to 2018-06-04,42,9.5576,97.619,46.9098,1,1,8,2,88,1,258,15,148,,,,,,,,,,,
15秋鬥,event,2015-11-19,49,4.1903,97.9592,55.7187,1,1,8,1,190,2,181,20,186,2015-11-19,1,1,勞工,2,0,1,0,0,0,2015-11-19
15移工遊行,event,2015-12-13,3,0.0073,66.6667,2.7081,1,0,3,1,190,2,181,20,186,2015-12-13,1,1,勞工,2,0,1,0,0,0,2015-12-13
台灣國際勞工協會,group,2012-03-11 to 2018-05-01,22,1.6813,95.4545,33.8589,1,0,8,1,190,2,181,20,186,,,,,,,,,,,
15障礙遊行,event,2015-10-16,13,1.561,92.3077,3.8794,1,1,4,4,102,4,101,14,116,2015-10-16,1,1,障礙,2,0,0,0,0,0,2015-10-16
16五一遊行,event,2016-05-01,19,0.2363,94.7368,17.8498,1,0,8,1,190,2,181,20,186,2016-05-01,1,1,勞工,2,0,1,0,0,0,2016-05-01
16六四晚會,event,2016-06-04,6,0.2464,83.3333,3.3956,1,1,4,2,88,5,52,15,148,2016-06-04,1,1,人權,3,1,0,0,0,0,2016-06-04
16共生音樂節,event,2016-02-28,13,0.7955,92.3077,4.307,1,1,2,6,25,7,21,18,65,2016-02-28,1,1,轉型正義,2,0,0,0,0,0,2016-02-28
16反核遊行,event,2016-03-12,16,0.2321,93.75,21.3217,1,0,6,3,158,1,258,21,153,2016-03-12,1,1,環境,2,0,0,0,1,0,2016-03-12
16同志遊行,event,2016-10-29,42,2.8653,97.619,20.6782,1,1,6,4,102,4,101,14,116,2016-10-29,1,1,性別,3,0,0,1,0,0,2016-10-29
16圖博遊行,event,2016-03-05,18,0.9059,94.4444,11.9164,1,1,6,2,88,5,52,15,148,2016-03-05,1,1,人權,2,1,0,0,0,0,2016-03-05
16法稅改革遊行,event,2016-12-18,10,0.5137,90,1.3867,1,0,3,8,12,37,12,18,65,2016-12-18,1,0,稅改,3,0,0,0,0,0,2016-12-18
法稅改革聯盟,group,2016-12-18 to 2018-05-28,4,0.0509,75,0.8487,1,0,3,8,12,37,12,18,65,,,,,,,,,,,
16秋鬥,event,2016-11-27,42,2.9888,97.619,40.7876,1,1,8,1,190,2,181,20,186,2016-11-27,1,1,勞工,3,0,1,0,0,0,2016-11-27
16身障日行動,event,2016-12-03,6,0.4016,83.3333,1.0007,1,1,3,4,102,27,3,14,116,2016-12-03,1,1,障礙,3,0,0,0,0,0,2016-12-03
台北市新活力自立生活協會,group,2015-10-16 to 2017-12-03,3,0.0095,66.6667,0.3558,1,0,3,4,102,4,101,14,116,,,,,,,,,,,
16高雄顧健康反污染遊行,event,2016-06-05,53,7.364,98.1132,12.4475,1,1,5,7,89,6,70,16,104,2016-06-05,1,1,環境,3,0,0,0,1,0,2016-06-05
要健康婆婆媽媽團,group,2015-06-06 to 2017-08-30,6,1.0258,83.3333,1.9973,1,0,4,7,89,6,70,16,104,,,,,,,,,,,
17五一遊行,event,2017-05-01,41,3.9483,97.561,20.1742,1,1,8,1,190,2,181,20,186,2017-05-01,1,1,勞工,3,0,1,0,0,0,2017-05-01
大高雄總工會,group,2012-05-01 to 2018-05-01,15,1.44,93.3333,19.7319,1,0,8,1,190,2,181,20,186,,,,,,,,,,,
17六四晚會,event,2017-06-04,4,0.031,75,3.3085,1,0,4,2,88,5,52,15,148,2017-06-04,1,1,人權,3,1,0,0,0,0,2017-06-04
17共生音樂節,event,2017-02-28,8,0.4599,87.5,3.9513,1,1,2,6,25,7,21,18,65,2017-02-28,1,1,轉型正義,3,0,0,0,0,0,2017-02-28
17反核遊行,event,2017-03-11,22,0.8042,95.4545,25.4195,1,1,7,3,158,1,258,21,153,2017-03-11,1,1,環境,3,0,0,0,1,0,2017-03-11
17反空污遊行,event,2017-12-17,5,0.2215,80,1.591,1,1,3,7,89,6,70,16,104,2017-12-17,1,1,環境,3,0,0,0,1,0,2017-12-17
17同志遊行,event,2017-10-28,48,5.319,97.9167,19.5642,1,1,6,4,102,4,101,14,116,2017-10-28,1,1,性別,3,0,0,1,0,0,2017-10-28
17圖博遊行,event,2017-03-05,18,0.9202,94.4444,11.1546,1,1,6,2,88,5,52,15,148,2017-03-05,1,1,人權,3,1,0,0,0,0,2017-03-05
西藏台灣人權連線,group,2016-03-05 to 2018-06-04,5,0.0241,80,3.0878,1,0,5,2,88,5,52,15,148,,,,,,,,,,,
17女性大遊行,event,2017-03-08,1,0,0,0.0576,0,0,1,9,5,3,5,14,116,2017-03-08,1,1,性別,3,0,0,1,0,0,2017-03-08
台灣女性長征,group,2017-03-08 to 2018-03-08,3,0.2382,66.6667,1.0789,1,1,1,9,5,3,5,14,116,,,,,,,,,,,
17法稅改革遊行,event,2017-12-18,10,0.5137,90,1.3867,1,0,3,8,12,37,12,18,65,2017-12-18,1,0,稅改,3,0,0,0,0,0,2017-12-18
17身障日行動,event,2017-12-03,5,0.0674,80,1.7866,1,0,3,4,102,4,101,14,116,2017-12-03,1,1,障礙,3,0,0,0,0,0,2017-12-03
台灣酷兒權益推動聯盟,group,2014-10-04 to 2017-12-03,9,0.5659,88.8889,9.6605,1,0,6,4,102,4,101,14,116,,,,,,,,,,,
18五一遊行,event,2018-05-01,30,1.1694,96.6667,23.4193,1,1,8,1,190,2,181,20,186,2018-05-01,1,1,勞工,3,0,1,0,0,0,2018-05-01
桃園市總工會,group,2015-05-01 to 2018-05-01,5,0.0215,80,6.0053,1,0,5,1,190,2,181,20,186,,,,,,,,,,,
18六四晚會,event,2018-06-04,14,0.6884,92.8571,8.0844,1,1,5,2,88,5,52,15,148,2018-06-04,1,1,人權,3,1,0,0,0,0,2018-06-04
華人民主書院,group,2012-06-04 to 2018-06-04,14,0.4996,92.8571,9.0843,1,0,6,2,88,5,52,15,148,,,,,,,,,,,
18共生音樂節,event,2018-02-28,8,0.3462,87.5,3.6877,1,1,2,6,25,7,21,18,65,2018-02-28,1,1,轉型正義,3,0,0,0,0,0,2018-02-28
18反核遊行,event,2018-03-11,50,4.3875,98,38.7852,1,1,7,3,158,1,258,21,153,2018-03-11,1,1,環境,3,0,0,0,1,0,2018-03-11
18圖博遊行,event,2018-03-10,15,0.5346,93.3333,10.2102,1,0,6,2,88,5,52,15,148,2018-03-10,1,1,人權,3,1,0,0,0,0,2018-03-10
18女性大遊行,event,2018-03-08,4,0.386,75,0.5968,1,1,1,9,5,3,5,14,116,2018-03-08,1,1,性別,3,0,0,1,0,0,2018-03-08
18法稅改革遊行,event,2018-05-28,10,0.5137,90,1.3867,1,0,3,8,12,37,12,18,65,2018-05-28,1,0,稅改,3,0,0,0,0,0,2018-05-28
18移工遊行,event,2018-01-07,2,6e-04,50,2.5109,1,0,2,1,190,2,181,20,186,2018-01-07,1,1,勞工,3,0,1,0,0,0,2018-01-07
Hydis工人抗爭,event,2015-01-12,4,0.0456,75,8.2266,1,0,4,1,190,2,181,20,186,2015-01-12,0,1,勞工,2,0,1,0,0,0,2015-01-12
MeToo大遊行,event,2018-04-18,3,0.1897,66.6667,1.4195,1,1,2,10,74,17,2,19,73,2018-04-18,0,1,性別,3,0,0,1,0,0,2018-04-18
勵馨基金會,group,2012-03-11 to 2018-05-05,8,0.5731,87.5,17.8403,1,0,6,10,74,1,258,19,73,,,,,,,,,,,
不要核四 五六運動,event,2013-12-28,16,0.7696,93.75,12.6592,1,1,7,10,74,1,258,19,73,2013-12-28,0,1,環境,1,0,0,0,1,0,2013-12-28
廢核行腳,group,2013-12-28 to 2013-12-28,1,0,0,0.6755,0,0,1,10,74,1,258,19,73,,,,,,,,,,,
中科停工遊行,event,2015-11-28,28,2.9576,96.4286,6.6466,1,1,4,7,89,6,70,16,104,2015-11-28,0,1,環境,2,0,0,0,1,0,2015-11-28
台灣生態學會,group,2012-03-11 to 2016-09-10,5,0.8324,80,5.4717,1,0,1,7,89,6,70,16,104,,,,,,,,,,,
二二八遊行,event,2018-02-28,40,3.9599,97.5,16.4975,1,1,6,11,18,26,19,15,148,2018-02-28,0,1,轉型正義,3,0,0,0,0,0,2018-02-28
保釣大遊行,event,2012-09-25,1,0,0,0,0,0,1,12,2,41,2,1,2,2012-09-25,0,0,政治,1,0,0,0,0,0,2012-09-25
人人保釣大聯盟,group,2012-09-25 to 2012-09-25,1,0,0,0,0,0,1,12,2,41,2,1,2,,,,,,,,,,,
全代會丟鞋,event,2013-11-10,25,1.1519,96,34.7146,1,0,8,1,190,2,181,20,186,2013-11-10,0,1,政治,1,0,1,0,0,0,2013-11-10
全國關廠工人臥軌,event,2013-02-03,8,0.0707,87.5,11.6894,1,0,6,1,190,2,181,20,186,2013-02-03,0,1,勞工,1,0,1,0,0,0,2013-02-03
公民升旗典禮,event,2013-10-10,7,0.0848,85.7143,5.2601,1,0,4,10,74,1,258,19,73,2013-10-10,0,1,政治,1,0,0,0,0,0,2013-10-10
公民1985行動聯盟,group,2013-07-28 to 2014-03-18,5,0.2041,80,4.4425,1,1,2,10,74,1,258,19,73,,,,,,,,,,,
兼任助理勞權,event,2016-07-04,3,0.1901,66.6667,2.8803,1,1,2,1,190,16,2,20,186,2016-07-04,0,1,勞工,3,0,1,0,0,0,2016-07-04
台灣高等教育產業工會,group,2012-05-01 to 2018-05-01,22,1.9879,95.4545,41.6364,1,0,8,1,190,2,181,20,186,,,,,,,,,,,
凱道伴桌,event,2013-09-05,1,0,0,0.9657,0,0,1,4,102,4,101,14,116,2013-09-05,0,1,性別,1,0,0,1,0,0,2013-09-05
台灣伴侶權益推動聯盟,group,2012-10-27 to 2017-10-28,12,1.1477,91.6667,18.0973,1,1,6,4,102,4,101,14,116,,,,,,,,,,,
動保大遊行,event,2014-05-10,1,0,0,0,0,0,1,13,2,40,2,2,2,2014-05-10,0,1,動保,2,0,0,0,0,0,2014-05-10
毛小孩是家人家人不買不賣,group,2014-05-10 to 2014-05-10,1,0,0,0,0,0,1,13,2,40,2,2,2,,,,,,,,,,,
原住民傳統領域,event,2017-02-23,3,6e-04,66.6667,0,0,1,1,14,4,35,4,3,4,2017-02-23,0,1,原住民,3,0,0,0,0,1,2017-02-23
沒有人是局外人,group,2017-02-23 to 2017-02-23,1,0,0,0,0,0,1,14,4,35,4,3,4,,,,,,,,,,,
原住民狩獵權,event,2016-07-30,1,0,0,0,0,0,1,15,2,39,2,4,2,2016-07-30,0,1,原住民,3,0,0,0,0,0,2016-07-30
還我原住民族狩獵權自救會,group,2016-07-30 to 2016-07-30,1,0,0,0,0,0,1,15,2,39,2,4,2,,,,,,,,,,,
反亞投行抗爭,event,2015-03-31,4,0.0147,75,1.8184,1,0,4,10,74,1,258,19,73,2015-03-31,0,1,中國,2,1,0,0,0,0,2015-03-31
經濟民主連合,group,2015-03-14 to 2018-02-28,6,0.4758,83.3333,8.1869,1,0,5,10,74,1,258,19,73,,,,,,,,,,,
反亞泥,event,2017-11-23,5,0.5688,80,3.6875,1,1,2,3,158,30,4,21,153,2017-11-23,0,1,環境,3,0,0,0,1,0,2017-11-23
地球公民基金會,group,2012-03-11 to 2018-06-03,23,3.8505,95.6522,33.8552,1,1,8,3,158,1,258,21,153,,,,,,,,,,,
反南鐵東移,event,2013-08-27,3,0.1933,66.6667,0.9599,1,1,1,16,57,10,3,12,53,2013-08-27,0,1,土地,1,0,0,0,0,1,2013-08-27
反南鐵東移自救會,group,2013-02-03 to 2018-03-24,10,0.5868,90,15.8964,1,0,6,1,190,2,181,20,186,,,,,,,,,,,
反台化遊行,event,2016-09-18,5,0.0225,80,0.5366,1,0,3,7,89,6,70,16,104,2016-09-18,0,1,環境,3,0,0,0,1,0,2016-09-18
反同婚集會,event,2017-05-24,1,0,0,0,0,0,1,17,4,34,4,5,4,2017-05-24,0,0,性別,3,0,0,1,0,0,2017-05-24
下一代幸福聯盟,group,2013-11-30 to 2017-05-24,3,6e-04,66.6667,0,0,1,1,17,4,34,4,5,4,,,,,,,,,,,
反同集會一,event,2013-11-30,1,0,0,0,0,0,1,17,4,34,4,5,4,2013-11-30,0,0,性別,1,0,0,1,0,0,2013-11-30
反同集會二,event,2016-12-03,1,0,0,0,0,0,1,17,4,34,4,5,4,2016-12-03,0,0,性別,3,0,0,1,0,0,2016-12-03
反媒體壟斷,event,2012-09-01,22,1.4272,95.4545,18.1288,1,1,7,2,88,1,258,15,148,2012-09-01,0,1,媒體,1,1,0,0,0,0,2012-09-01
901反媒體壟斷聯盟,group,2012-09-01 to 2012-09-01,1,0,0,0.9674,0,0,1,2,88,1,258,15,148,,,,,,,,,,,
反年改包圍立院,event,2018-04-25,1,0,0,0,0,0,1,18,2,38,2,6,2,2018-04-25,0,0,軍公教,3,0,0,0,0,0,2018-04-25
八百壯士捍衛中華協會,group,2018-04-25 to 2018-04-25,1,0,0,0,0,0,1,18,2,38,2,6,2,,,,,,,,,,,
反年改軍公教勞警消九三大遊行,event,2016-09-03,62,10.5099,98.3871,1.8434,1,1,1,19,60,29,60,7,59,2016-09-03,0,0,軍公教,3,0,0,0,0,0,2016-09-03
監督年金改革行動聯盟,group,2016-09-03 to 2016-09-03,1,0,0,0.0984,0,0,1,19,60,29,60,7,59,,,,,,,,,,,
反服貿,event,2013-07-28,24,0.9818,95.8333,22.7008,1,0,8,10,74,1,258,19,73,2013-07-28,0,1,中國,1,1,0,0,0,0,2013-07-28
反核四佔領忠孝西,event,2014-04-27,21,0.7043,95.2381,25.9348,1,1,7,3,158,1,258,21,153,2014-04-27,0,1,環境,2,0,0,0,1,0,2014-04-27
綠色公民行動聯盟,group,2012-03-11 to 2018-06-03,22,2.0085,95.4545,47.322,1,0,8,3,158,1,258,20,186,,,,,,,,,,,
反核食衝撞公聽會,event,2016-12-25,2,2e-04,50,0,0,1,1,20,3,36,3,8,3,2016-12-25,0,1,食安,3,0,0,0,0,0,2016-12-25
中華統一促進黨,group,2016-12-25 to 2016-12-25,1,0,0,0,0,0,1,20,3,36,3,8,3,,,,,,,,,,,
反砍七天假,event,2015-12-25,27,0.7368,96.2963,23.3124,1,0,8,1,190,2,181,20,186,2015-12-25,0,1,勞工,2,0,1,0,0,0,2015-12-25
2016工鬥,group,2015-12-13 to 2017-05-01,4,0.0165,75,3.6951,1,0,3,1,190,2,181,20,186,,,,,,,,,,,
反美牛,event,2012-04-01,13,1.1522,92.3077,8.0698,1,1,4,3,158,31,7,21,153,2012-04-01,0,1,食安,1,0,0,0,0,0,2012-04-01
公民監督國會聯盟,group,2012-03-11 to 2018-05-05,13,1.2511,92.3077,28.3404,1,0,1,3,158,1,258,21,153,,,,,,,,,,,
反美麗灣,event,2013-04-19,18,1.169,94.4444,14.9217,1,1,5,3,158,1,258,21,153,2013-04-19,0,1,原住民,1,0,0,0,1,1,2013-04-19
反課綱佔領教育部,event,2015-07-23,45,7.3652,97.7778,28.813,1,1,7,21,23,1,258,18,65,2015-07-23,0,1,政治,2,1,0,0,0,0,2015-07-23
北區反課綱高校聯盟,group,2015-07-23 to 2015-07-23,1,0,0,1.5376,0,0,1,21,23,1,258,18,65,,,,,,,,,,,
反貨貿遊行,event,2015-11-07,20,0.6562,95,21.4687,1,0,8,10,74,1,258,19,73,2015-11-07,0,1,中國,2,1,0,0,0,0,2015-11-07
反迫遷凱道集會,event,2016-09-10,65,10.082,98.4615,12.2622,1,1,6,16,57,9,48,12,53,2016-09-10,0,1,土地,3,0,0,0,0,1,2016-09-10
惜根台灣協會,group,2013-08-27 to 2016-09-10,3,0.1691,66.6667,2.0406,1,0,1,16,57,10,3,12,53,,,,,,,,,,,
反高學費,event,2012-10-30,4,0.0846,75,5.5436,1,0,3,1,190,2,181,20,186,2012-10-30,0,1,學權,1,0,1,0,0,0,2012-10-30
反教育商品化聯盟,group,2012-05-01 to 2018-05-01,11,0.4799,90.9091,19.5343,1,0,8,1,190,2,181,20,186,,,,,,,,,,,
台中黎明幼兒園抗爭,event,2017-12-15,3,0.3784,66.6667,0.0352,0,1,1,16,57,8,4,12,53,2017-12-15,0,1,土地,3,0,0,0,0,1,2017-12-15
黎明幼兒園保留行動,group,2017-12-15 to 2017-12-15,1,0,0,0.0019,0,0,1,16,57,8,4,12,53,,,,,,,,,,,
台北反勞基法修惡遊行,event,2017-12-25,27,1.7286,96.2963,23.2211,1,1,8,1,190,2,181,20,186,2017-12-25,0,1,勞工,3,0,1,0,0,0,2017-12-25
台南反西港外環道抗議,event,2017-08-30,10,1.1706,90,0.272,1,1,2,22,9,13,9,16,104,2017-08-30,0,1,土地,3,0,0,0,0,1,2017-08-30
西港堀仔頭生態藝術村,group,2017-08-30 to 2017-08-30,1,0,0,0.0145,0,0,1,22,9,13,9,16,104,,,,,,,,,,,
台東反棕櫚度假村,event,2016-07-06,1,0,0,1.8067,0,0,1,3,158,1,258,21,153,2016-07-06,0,1,環境,3,0,0,0,1,1,2016-07-06
台鐵工會夜宿,event,2016-09-14,1,0,0,0.1239,0,0,1,1,190,14,2,20,186,2016-09-14,0,1,勞工,3,0,1,0,0,0,2016-09-14
台灣鐵路產業工會,group,2016-09-14 to 2017-12-25,3,0.1975,66.6667,2.3224,1,1,1,1,190,14,2,20,186,,,,,,,,,,,
國道收費員抗爭,event,2014-10-25,1,0,0,0.669,0,0,1,1,190,2,181,20,186,2014-10-25,0,1,勞工,2,0,1,0,0,0,2014-10-25
國道收費員自救會,group,2014-05-01 to 2016-11-27,7,0.233,85.7143,12.5358,1,1,6,1,190,2,181,20,186,,,,,,,,,,,
大埔事件佔領內政部,event,2013-08-18,26,2.3574,96.1538,16.2175,1,1,6,23,12,28,12,15,148,2013-08-18,0,1,土地,1,0,0,0,0,1,2013-08-18
台灣農村陣線,group,2012-03-11 to 2015-11-19,18,1.2037,94.4444,38.9898,1,0,8,3,158,1,258,20,186,,,,,,,,,,,
大觀社區恨行,event,2018-03-24,4,0.1961,75,1.9146,1,1,1,24,4,2,181,13,40,2018-03-24,0,1,土地,3,0,0,0,0,1,2018-03-24
大觀事件自救會,group,2018-03-24 to 2018-03-24,1,0,0,0.1022,0,0,1,24,4,2,181,13,40,,,,,,,,,,,
太陽花,event,2014-03-18,57,5.3623,98.2456,42.391,1,1,8,10,74,1,258,19,73,2014-03-18,0,1,政治,1,1,0,0,0,0,2014-03-18
908台灣國總部,group,2012-09-15 to 2018-05-05,5,0.1715,80,5.9246,1,0,2,21,23,23,31,18,65,,,,,,,,,,,
婚姻平權遊行,event,2015-07-11,1,0,0,0.9657,0,0,1,4,102,4,101,14,116,2015-07-11,0,1,性別,2,0,0,1,0,0,2015-07-11
婚姻平權音樂會,event,2016-12-10,6,0.2009,83.3333,4.5218,1,1,3,4,102,4,101,14,116,2016-12-10,0,1,性別,3,0,0,1,0,0,2016-12-10
同志諮詢熱線,group,2012-03-11 to 2018-03-11,17,2.0484,94.1176,35.3745,1,0,8,4,102,1,258,20,186,,,,,,,,,,,
宜蘭農地農用運動,event,2015-06-03,5,0.2287,80,5.921,1,0,4,3,158,1,258,21,153,2015-06-03,0,1,農地,2,0,0,0,1,1,2015-06-03
守護宜蘭工作坊,group,2015-06-03 to 2017-08-30,2,0.0551,50,0.3305,1,0,2,22,9,13,9,16,104,,,,,,,,,,,
巢運,event,2014-10-04,77,8.0974,98.7013,56.6193,1,1,8,10,74,1,258,19,73,2014-10-04,0,1,土地,2,0,0,0,0,1,2014-10-04
社會住宅推動聯盟,group,2014-10-04 to 2014-10-05,2,0.0085,50,4.1144,1,0,1,4,102,4,101,14,116,,,,,,,,,,,
工鬥遊行,event,2016-01-09,27,0.8871,96.2963,23.0484,1,1,8,1,190,2,181,20,186,2016-01-09,0,1,勞工,2,0,1,0,0,0,2016-01-09
彩虹圍城,event,2014-10-05,31,2.3182,96.7742,20.4817,1,1,6,4,102,4,101,14,116,2014-10-05,0,1,性別,2,0,0,1,0,0,2014-10-05
婚姻平權革命陣線,group,2014-10-05 to 2014-10-05,1,0,0,1.093,0,0,1,4,102,4,101,14,116,,,,,,,,,,,
復航抗爭,event,2016-12-22,1,0,0,0,0,0,1,25,2,44,2,9,2,2016-12-22,0,1,勞工,3,0,1,0,0,0,2016-12-22
復興航空工會,group,2016-12-22 to 2016-12-22,1,0,0,0,0,0,1,25,2,44,2,9,2,,,,,,,,,,,
抗議中國官員事件,event,2012-08-08,5,0.0869,80,1.5283,1,0,3,2,88,12,8,18,65,2012-08-08,0,1,中國,1,1,0,0,0,0,2012-08-08
台灣團結聯盟,group,2012-03-11 to 2015-07-23,8,0.7868,87.5,16.2281,1,0,3,21,23,12,8,18,65,,,,,,,,,,,
拆蛋大遊行,event,2015-04-25,61,7.3613,98.3607,25.017,1,1,6,26,37,25,38,13,40,2015-04-25,0,1,環境,2,0,0,0,1,0,2015-04-25
松菸護樹志工團,group,2015-03-14 to 2016-09-10,3,0.2119,66.6667,6.2441,1,0,1,26,37,25,38,21,153,,,,,,,,,,,
拉瓦克抗爭,event,2013-05-21,2,0.1893,50,2.5105,0,1,1,2,88,18,2,15,148,2013-05-21,0,1,原住民,1,0,0,0,0,1,2013-05-21
拉瓦克部落自救會,group,2013-05-21 to 2013-05-21,1,0,0,0.134,0,0,1,2,88,18,2,15,148,,,,,,,,,,,
挺管新五四運動,event,2018-05-04,1,0,0,0,0,0,1,27,2,43,2,10,2,2018-05-04,0,0,大學自主,3,0,0,0,0,0,2018-05-04
台大自主聯盟,group,2018-05-04 to 2018-05-04,1,0,0,0,0,0,1,27,2,43,2,10,2,,,,,,,,,,,
捍衛警察權益集會,event,2016-11-24,1,0,0,0.1165,0,0,1,1,190,20,2,20,186,2016-11-24,0,1,勞工,3,0,1,0,0,0,2016-11-24
警察工作權益推動協會,group,2016-11-24 to 2016-11-27,2,0.1893,50,2.1828,0,1,1,1,190,20,2,20,186,,,,,,,,,,,
搶救消防員,event,2014-09-01,1,0,0,0.9519,0,0,1,1,190,2,181,20,186,2014-09-01,0,1,勞工,2,0,1,0,0,0,2014-09-01
消防員工作權益促進會,group,2012-11-25 to 2018-06-03,10,0.343,90,17.8374,1,1,8,1,190,2,181,20,186,,,,,,,,,,,
支持陪審大遊行,event,2018-05-05,42,4.2366,97.619,11.7446,1,1,5,28,27,23,31,15,148,2018-05-05,0,1,司改,3,0,0,0,0,0,2018-05-05
台灣陪審團協會,group,2018-02-28 to 2018-05-05,2,0.0246,50,1.5071,1,0,1,28,27,23,31,15,148,,,,,,,,,,,
敬鵬大火聯合遊行,event,2018-06-03,7,0.175,85.7143,8.9013,1,0,6,1,190,2,181,20,186,2018-06-03,0,1,勞工,3,0,1,0,1,0,2018-06-03
文林苑事件,event,2012-03-28,5,0.0296,80,7.2499,1,0,5,2,88,2,181,15,148,2012-03-28,0,1,土地,1,0,0,0,0,1,2012-03-28
台灣都市更新受害者聯盟,group,2012-03-28 to 2016-09-10,15,1.737,93.3333,28.5671,1,0,8,1,190,1,258,20,186,,,,,,,,,,,
日月光事件,event,2013-12-20,6,0.3643,83.3333,7.1328,1,1,5,1,190,2,181,20,186,2013-12-20,0,1,環境,1,0,0,0,1,0,2013-12-20
普安堂絕食靜坐,event,2013-12-18,2,0.1893,50,1.251,0,1,1,3,158,22,2,21,153,2013-12-18,0,1,文資,1,0,0,0,0,0,2013-12-18
全國文化資產守護聯盟,group,2013-12-18 to 2013-12-18,1,0,0,0.0668,0,0,1,3,158,22,2,21,153,,,,,,,,,,,
李明哲事件,event,2017-05-19,25,1.5291,96,21.6389,1,1,8,2,88,1,258,15,148,2017-05-19,0,1,人權,3,1,0,0,0,0,2017-05-19
台灣教授協會,group,2012-03-11 to 2018-03-11,21,2.1228,95.2381,32.9131,1,0,8,3,158,1,258,18,65,,,,,,,,,,,
樂生遊行,event,2013-03-16,12,0.2778,91.6667,10.6338,1,1,6,1,190,2,181,20,186,2013-03-16,0,1,人權,1,0,0,0,0,1,2013-03-16
樂生保留自救會,group,2013-03-16 to 2016-09-10,4,0.1389,75,5.6273,1,0,1,10,74,2,181,21,153,,,,,,,,,,,
機場捷運A7反迫遷,event,2015-08-24,4,0.0369,75,5.4584,1,0,4,1,190,2,181,20,186,2015-08-24,0,1,土地,2,0,0,0,0,1,2015-08-24
機場捷運A7站自救會,group,2012-11-25 to 2016-09-10,9,0.7616,88.8889,15.0256,1,0,6,1,190,2,181,20,186,,,,,,,,,,,
民進黨火大遊行,event,2013-01-13,5,0.245,80,2.1031,1,1,1,3,158,2,181,21,153,2013-01-13,0,1,政治,1,0,0,0,0,0,2013-01-13
民主進步黨,group,2013-01-13 to 2016-10-29,6,0.3282,83.3333,13.1811,1,0,1,4,102,4,101,21,153,,,,,,,,,,,
法輪功反共事件一,event,2012-09-15,5,0.1582,80,1.5483,1,0,3,21,23,12,8,18,65,2012-09-15,0,1,中國,1,1,0,0,0,0,2012-09-15
法輪功,group,2012-08-08 to 2013-11-29,3,0.001,66.6667,0.2468,1,0,3,21,23,12,8,18,65,,,,,,,,,,,
法輪功反共事件二,event,2013-11-29,5,0.1582,80,1.5483,1,0,3,21,23,12,8,18,65,2013-11-29,0,1,中國,1,1,0,0,0,0,2013-11-29
淡海二期反徵收夜宿,event,2014-04-23,3,0.2021,66.6667,0.1468,1,1,1,16,57,11,3,14,116,2014-04-23,0,1,土地,2,0,0,0,0,1,2014-04-23
淡海二期反徵收自救聯盟,group,2014-04-23 to 2016-09-10,2,0.13,50,0.6622,1,0,1,16,57,11,3,14,116,,,,,,,,,,,
畢安生紀念晚會,event,2017-10-16,1,0,0,0.0559,0,0,1,4,102,19,2,14,116,2017-10-16,0,1,性別,3,0,0,1,0,0,2017-10-16
婚姻平權大平台,group,2017-10-16 to 2017-10-28,2,0.1893,50,1.047,0,1,1,4,102,19,2,14,116,,,,,,,,,,,
知本卡地布反遷葬,event,2012-09-21,3,0.3784,66.6667,1.2964,0,1,1,29,3,32,3,21,153,2012-09-21,0,1,原住民,1,0,0,0,0,1,2012-09-21
卡地布部落議會,group,2012-09-21 to 2012-09-21,1,0,0,0.0692,0,0,1,29,3,32,3,21,153,,,,,,,,,,,
砍蔣,event,2017-04-22,1,0,0,0,0,0,1,30,2,42,2,11,2,2017-04-22,0,1,轉型正義,3,0,0,0,0,0,2017-04-22
台灣建國工程隊,group,2017-04-22 to 2017-04-22,1,0,0,0,0,0,1,30,2,42,2,11,2,,,,,,,,,,,
空服員罷工,event,2016-06-24,1,0,0,0.0576,0,0,1,1,190,21,2,20,186,2016-06-24,0,1,勞工,3,0,1,0,0,0,2016-06-24
桃園市空服員職業工會,group,2016-06-24 to 2017-05-01,2,0.1893,50,1.0797,0,1,1,1,190,21,2,20,186,,,,,,,,,,,
糧食主權,event,2013-02-03,10,0.4616,90,11.5587,1,1,6,1,190,2,181,20,186,2013-02-03,0,1,農地,1,0,0,0,0,1,2013-02-03
聲援傘運佔領駐港辦事處,event,2014-09-28,5,0.0326,80,1.4261,1,0,4,10,74,1,258,19,73,2014-09-28,0,1,中國,2,1,0,0,0,0,2014-09-28
島國前進,group,2014-06-26 to 2017-10-28,12,2.0767,91.6667,12.1532,1,0,4,10,74,1,258,19,73,,,,,,,,,,,
航空城事件,event,2013-12-24,8,0.1422,87.5,9.3324,1,0,6,3,158,2,181,13,40,2013-12-24,0,1,土地,1,0,0,0,0,1,2013-12-24
桃園航空城自救會,group,2013-11-17 to 2013-12-24,2,0.0033,50,3.5489,1,0,2,1,190,2,181,13,40,,,,,,,,,,,
苑裡反瘋車,event,2013-04-06,10,0.6328,90,8.7621,1,1,5,3,158,6,70,16,104,2013-04-06,0,1,環境,1,0,0,0,1,1,2013-04-06
人權公約施行監督聯盟,group,2012-03-11 to 2018-06-04,19,1.6461,94.7368,19.7128,1,0,6,2,88,1,258,15,148,,,,,,,,,,,
華光強拆,event,2013-03-27,8,0.0955,87.5,9.3481,1,0,6,2,88,2,181,15,148,2013-03-27,0,1,土地,1,0,0,0,0,1,2013-03-27
華光社區反迫遷自救會,group,2013-03-27 to 2014-10-04,2,0.0019,50,3.5203,1,0,2,2,88,2,181,15,148,,,,,,,,,,,
華隆罷工,event,2012-08-17,6,0.1066,83.3333,3.9576,1,0,3,1,190,2,181,20,186,2012-08-17,0,1,勞工,1,0,1,0,0,0,2012-08-17
華隆工會,group,2012-08-17 to 2013-01-13,3,0.0074,66.6667,0.6193,1,0,2,1,190,2,181,20,186,,,,,,,,,,,
華隆自救會抗爭,event,2015-03-10,7,0.2109,85.7143,4.6011,1,1,4,1,190,2,181,20,186,2015-03-10,0,1,勞工,2,0,1,0,0,0,2015-03-10
華隆自救會,group,2013-11-10 to 2015-03-10,3,0.0203,66.6667,5.1432,1,0,3,1,190,2,181,20,186,,,,,,,,,,,
萬人送仲丘,event,2013-08-03,1,0,0,0.2371,0,0,1,10,74,1,258,19,73,2013-08-03,0,1,人權,1,0,0,0,0,0,2013-08-03
諾富特事件,event,2014-06-26,4,0.0155,75,2.2456,1,0,4,10,74,1,258,19,73,2014-06-26,0,1,中國,2,1,0,0,0,0,2014-06-26
反黑箱服貿民主陣線,group,2013-07-28 to 2014-10-04,5,0.0489,80,6.8955,1,0,4,10,74,1,258,19,73,,,,,,,,,,,
鍾鼎邦事件,event,2012-07-31,33,2.1072,96.9697,29.3117,1,1,8,2,88,1,258,15,148,2012-07-31,0,1,人權,1,1,0,0,0,0,2012-07-31
阮國非事件,event,2017-09-20,2,6e-04,50,2.5109,1,0,2,1,190,2,181,20,186,2017-09-20,0,1,移民,3,0,1,0,0,0,2017-09-20
障礙者需要性遊行,event,2018-05-05,2,1e-04,50,0.3618,1,0,2,4,102,4,101,14,116,2018-05-05,0,1,障礙,3,0,0,1,0,0,2018-05-05
手天使,group,2015-10-31 to 2018-05-05,4,0.0959,75,3.0035,1,0,2,4,102,4,101,14,116,,,,,,,,,,,
青年佔領凱道行動,event,2013-10-08,1,0,0,0.8316,0,0,1,1,190,1,258,19,73,2013-10-08,0,1,政治,1,1,0,0,0,0,2013-10-08
黑色島國青年陣線,group,2013-10-08 to 2015-11-19,11,0.6533,90.9091,15.5842,1,1,7,1,190,1,258,19,73,,,,,,,,,,,
高彰雲反空污行動,event,2015-06-06,36,4.1532,97.2222,5.2631,1,1,4,7,89,24,24,16,104,2015-06-06,0,1,環境,2,0,0,0,1,0,2015-06-06
小港沿海六里要健康自救會,group,2015-06-06 to 2015-06-06,1,0,0,0.2809,0,0,1,7,89,24,24,16,104,,,,,,,,,,,
高雄反勞基法修惡遊行,event,2017-12-04,14,1.3459,92.8571,2.8872,1,1,4,31,10,15,11,17,10,2017-12-04,0,1,勞工,3,0,1,0,0,0,2017-12-04
2017拒絕勞基法修惡南部總工會大聯盟,group,2017-12-04 to 2017-12-04,1,0,0,0.1541,0,0,1,31,10,15,11,17,10,,,,,,,,,,,
高雄果菜市場強拆抗爭,event,2016-10-30,3,0.0636,66.6667,2.7102,1,0,2,24,4,9,48,12,53,2016-10-30,0,1,土地,3,0,0,0,0,1,2016-10-30
高雄果菜市場土地不義徵收住戶自救會,group,2016-09-10 to 2016-10-30,2,0.0059,50,0.799,1,0,2,16,57,9,48,12,53,,,,,,,,,,,
新高市產業總工會,group,2012-05-01 to 2017-12-04,5,0.0881,80,6.178,1,0,4,1,190,2,181,20,186,,,,,,,,,,,
日日春關懷互助協會,group,2012-10-27 to 2016-11-27,12,2.1743,91.6667,26.5168,1,0,6,1,190,2,181,20,186,,,,,,,,,,,
西藏青年會台灣分會,group,2012-03-10 to 2014-03-09,3,0.0092,66.6667,0.5772,1,0,3,2,88,5,52,15,148,,,,,,,,,,,
三鶯部落自救會,group,2012-11-25 to 2016-11-27,9,0.2543,88.8889,24.5388,1,0,8,1,190,2,181,20,186,,,,,,,,,,,
全國產業總工會,group,2013-05-01 to 2018-05-01,7,0.0562,85.7143,8.7371,1,0,5,1,190,2,181,20,186,,,,,,,,,,,
台灣二二八關懷總會,group,2013-02-28 to 2018-02-28,7,0.6458,85.7143,3.9044,1,0,1,6,25,7,21,18,65,,,,,,,,,,,
OURs專業者都市改革組織,group,2012-03-11 to 2015-11-19,8,0.724,87.5,23.3758,1,1,1,3,158,1,258,21,153,,,,,,,,,,,
台北市小英之友會,group,2014-02-28 to 2015-02-28,2,2e-04,50,0.4782,1,0,1,6,25,7,21,18,65,,,,,,,,,,,
台灣紅絲帶基金會,group,2012-10-27 to 2017-10-28,4,0.0188,75,2.9782,1,0,4,4,102,4,101,14,116,,,,,,,,,,,
人民民主陣線,group,2014-10-04 to 2018-03-24,7,0.5426,85.7143,16.8016,1,0,1,3,158,1,258,13,40,,,,,,,,,,,
台灣蠻野心足生態協會,group,2012-03-11 to 2018-03-11,18,2.3038,94.4444,34.6555,1,0,7,3,158,1,258,21,153,,,,,,,,,,,
台灣基地協會,group,2013-10-26 to 2017-10-28,5,0.0279,80,4.1808,1,0,5,4,102,4,101,14,116,,,,,,,,,,,
台灣自由圖博學生聯盟,group,2012-03-10 to 2016-03-05,7,0.0888,85.7143,3.2594,1,0,4,2,88,5,52,15,148,,,,,,,,,,,
台北市行無礙資源推廣協會,group,2015-10-16 to 2017-12-03,4,0.0482,75,1.4592,1,0,3,4,102,4,101,14,116,,,,,,,,,,,
國際社會主義前進,group,2016-10-29 to 2018-03-11,4,0.4404,75,5.2938,1,0,1,4,102,4,101,14,116,,,,,,,,,,,
臺灣財經刑法研究學會,group,2016-12-18 to 2018-05-28,3,1e-04,66.6667,0.222,1,0,3,8,12,37,12,18,65,,,,,,,,,,,
金煙囪文化協進會,group,2015-06-06 to 2016-06-05,2,0.0226,50,0.9451,1,0,1,7,89,24,24,16,104,,,,,,,,,,,
二二八國家紀念館,group,2016-02-28 to 2018-02-28,3,0.0024,66.6667,0.6375,1,0,1,6,25,7,21,18,65,,,,,,,,,,,
台灣護樹團體聯盟,group,2015-11-28 to 2017-12-17,4,0.1488,75,1.1226,1,0,3,7,89,6,70,16,104,,,,,,,,,,,
全國金融業工會聯合總會,group,2013-05-01 to 2018-05-01,7,0.0562,85.7143,8.7371,1,0,5,1,190,2,181,20,186,,,,,,,,,,,
主婦聯盟環境保護基金會,group,2012-03-11 to 2018-03-11,14,1.6171,92.8571,24.2053,1,0,7,3,158,1,258,21,153,,,,,,,,,,,
移工國際台灣分會,group,2018-03-08 to 2018-03-08,1,0,0,0.0318,0,0,1,9,5,3,5,14,116,,,,,,,,,,,
台北市產業總工會,group,2012-05-01 to 2018-05-01,16,0.4996,93.75,31.7555,1,0,8,1,190,2,181,20,186,,,,,,,,,,,
台灣少年權益與福利促進聯盟,group,2012-09-01 to 2018-04-18,6,0.1571,83.3333,8.6838,1,0,5,10,74,1,258,19,73,,,,,,,,,,,
鄭南榕基金會,group,2012-07-31 to 2018-05-05,5,0.1466,80,5.0915,1,0,1,2,88,1,258,15,148,,,,,,,,,,,
反迫遷連線,group,2012-03-28 to 2016-11-27,8,0.4699,87.5,9.9541,1,0,6,2,88,2,181,15,148,,,,,,,,,,,
桃園縣產業總工會,group,2012-05-01 to 2015-03-10,6,0.054,83.3333,9.0653,1,0,5,1,190,2,181,20,186,,,,,,,,,,,
民間司法改革基金會,group,2012-03-11 to 2018-05-05,20,1.7906,95,30.7132,1,0,8,2,88,1,258,15,148,,,,,,,,,,,
台灣大學工會,group,2012-05-01 to 2017-05-01,8,0.1239,87.5,12.1844,1,0,7,1,190,2,181,20,186,,,,,,,,,,,
原轉小教室,group,2017-02-23 to 2017-02-23,1,0,0,0,0,0,1,14,4,35,4,3,4,,,,,,,,,,,
反亞泥還我土地自救會,group,2017-11-23 to 2017-11-23,1,0,0,0.1968,0,0,1,3,158,30,4,21,153,,,,,,,,,,,
南鐵居住正義青年小組,group,2013-08-27 to 2013-08-27,1,0,0,0.0512,0,0,1,16,57,10,3,12,53,,,,,,,,,,,
彰化縣醫療界聯盟,group,2015-06-06 to 2016-09-18,5,0.08,80,1.568,1,0,3,7,89,6,70,16,104,,,,,,,,,,,
臺灣鐵路工會,group,2016-09-03 to 2016-09-03,1,0,0,0.0984,0,0,1,19,60,29,60,7,59,,,,,,,,,,,
中華民國老人福利推動聯盟,group,2013-07-28 to 2014-10-04,3,0.0112,66.6667,6.495,1,0,2,10,74,1,258,19,73,,,,,,,,,,,
國民黨,group,2016-12-25 to 2016-12-25,1,0,0,0,0,0,1,20,3,36,3,8,3,,,,,,,,,,,
水患治理監督聯盟,group,2012-04-01 to 2012-04-01,1,0,0,0.4306,0,0,1,3,158,31,7,21,153,,,,,,,,,,,
中央研究院民族所丘延亮研究室,group,2013-04-19 to 2013-04-19,1,0,0,0.7963,0,0,1,3,158,1,258,21,153,,,,,,,,,,,
桃園高校聯盟,group,2015-07-23 to 2015-07-23,1,0,0,1.5376,0,0,1,21,23,1,258,18,65,,,,,,,,,,,
台灣守護民主平台,group,2012-07-31 to 2018-03-11,15,0.8181,93.3333,25.7882,1,0,8,10,74,1,258,15,148,,,,,,,,,,,
鏟土豪行動,group,2016-09-10 to 2018-03-24,4,0.2047,75,3.0778,1,0,2,24,4,9,48,12,53,,,,,,,,,,,
中台灣公民行動陣線,group,2017-12-15 to 2017-12-15,1,0,0,0.0019,0,0,1,16,57,8,4,12,53,,,,,,,,,,,
反西港外環道不當開闢自救會,group,2016-06-05 to 2017-08-30,3,0.5211,66.6667,1.3331,1,0,1,16,57,6,70,16,104,,,,,,,,,,,
竹南大埔自救會,group,2013-08-18 to 2013-08-18,1,0,0,0.8654,0,0,1,23,12,28,12,15,148,,,,,,,,,,,
台灣同志家庭權益促進會,group,2012-10-27 to 2017-10-28,8,0.2069,87.5,10.4961,1,0,6,4,102,4,101,14,116,,,,,,,,,,,
台灣投資中國受害者協會,group,2012-07-31 to 2012-08-08,2,0.0085,50,1.6457,1,0,2,2,88,12,8,18,65,,,,,,,,,,,
松菸公園催生聯盟,group,2015-04-25 to 2016-09-10,2,0.0741,50,1.9894,1,0,1,16,57,9,48,13,40,,,,,,,,,,,
台灣社,group,2012-07-31 to 2018-05-05,3,0.0456,66.6667,4.4531,1,0,1,2,88,23,31,15,148,,,,,,,,,,,
後勁基金會,group,2013-12-20 to 2013-12-20,1,0,0,0.3806,0,0,1,1,190,2,181,20,186,,,,,,,,,,,
青年樂生聯盟,group,2013-03-16 to 2016-09-10,5,0.1899,80,6.7713,1,0,5,10,74,2,181,20,186,,,,,,,,,,,
非核家園大聯盟,group,2012-03-11 to 2013-03-09,3,0.0749,66.6667,8.9662,1,0,1,3,158,2,181,21,153,,,,,,,,,,,
淡海青年陣線,group,2014-04-23 to 2014-04-23,1,0,0,0.0078,0,0,1,16,57,11,3,14,116,,,,,,,,,,,
卡地布青年會,group,2012-09-21 to 2012-09-21,1,0,0,0.0692,0,0,1,29,3,32,3,21,153,,,,,,,,,,,
捍衛農鄉聯盟,group,2012-11-25 to 2014-03-08,6,0.1288,83.3333,15.2551,1,0,6,1,190,1,258,20,186,,,,,,,,,,,
臺左維新,group,2014-09-28 to 2015-11-07,4,0.04,75,2.8564,1,0,4,10,74,1,258,19,73,,,,,,,,,,,
北海岸環境自救會,group,2013-04-06 to 2013-04-06,1,0,0,0.4676,0,0,1,3,158,6,70,16,104,,,,,,,,,,,
華光社區訪調小組,group,2012-11-25 to 2016-09-10,7,0.4961,85.7143,11.643,1,0,6,1,190,2,181,20,186,,,,,,,,,,,
勞動黨,group,2012-08-17 to 2013-11-17,3,0.0146,66.6667,5.1146,1,0,2,1,190,2,181,20,186,,,,,,,,,,,
殘酷兒,group,2014-10-25 to 2018-05-05,5,0.1278,80,3.7757,1,0,2,4,102,4,101,14,116,,,,,,,,,,,
台南市產業總工會,group,2012-05-01 to 2018-05-01,8,0.1703,87.5,9.8969,1,0,7,1,190,2,181,20,186,,,,,,,,,,,
西藏婦女會台灣分會,group,2012-03-10 to 2012-03-10,1,0,0,0.0445,0,0,1,2,88,5,52,15,148,,,,,,,,,,,
工作傷害受害人協會,group,2012-03-11 to 2018-06-03,19,2.0533,94.7368,41.1643,1,0,6,1,190,1,258,20,186,,,,,,,,,,,
全國教師工會總聯合會,group,2012-03-11 to 2018-05-01,18,2.5928,94.4444,42.093,1,0,8,1,190,1,258,20,186,,,,,,,,,,,
RCA員工關懷協會,group,2013-03-09 to 2014-04-27,2,0.0023,50,6.7204,1,0,1,3,158,1,258,21,153,,,,,,,,,,,
台灣性別不明關懷協會,group,2013-10-26 to 2014-10-25,4,0.058,75,5.311,1,0,4,4,102,4,101,14,116,,,,,,,,,,,
台灣圖博之友會,group,2012-03-10 to 2018-06-04,11,0.4074,90.9091,8.9452,1,0,6,2,88,5,52,15,148,,,,,,,,,,,
同志人權法案遊說聯盟,group,2014-10-05 to 2017-10-28,6,0.0628,83.3333,5.0907,1,0,1,4,102,4,101,14,116,,,,,,,,,,,
台灣水資源保育聯盟,group,2015-06-06 to 2015-12-26,3,0.0162,66.6667,0.8751,1,0,3,7,89,6,70,16,104,,,,,,,,,,,
台灣勞工陣線,group,2012-07-31 to 2018-03-11,20,2.5031,95,32.6336,1,0,8,2,88,1,258,15,148,,,,,,,,,,,
台灣北社,group,2012-03-11 to 2018-05-28,19,3.6681,94.7368,23.3615,1,0,7,6,25,1,258,18,65,,,,,,,,,,,
藏青會台灣分會,group,2015-03-10 to 2018-03-10,4,0.0058,75,2.5818,1,0,4,2,88,5,52,15,148,,,,,,,,,,,
中正大學財經法律研究中心,group,2016-12-18 to 2018-05-28,3,1e-04,66.6667,0.222,1,0,3,8,12,37,12,18,65,,,,,,,,,,,
高雄市向陽自立生活協會,group,2016-12-03 to 2016-12-03,1,0,0,0.0534,0,0,1,4,102,27,3,14,116,,,,,,,,,,,
反國道七號自救會,group,2016-06-05 to 2016-06-05,1,0,0,0.6643,0,0,1,7,89,6,70,16,104,,,,,,,,,,,
彩虹旗飄揚團隊,group,2017-10-28 to 2017-10-28,1,0,0,1.044,0,0,1,4,102,4,101,14,116,,,,,,,,,,,
醫護工會,group,2017-12-25 to 2018-05-01,2,8e-04,50,2.4889,1,0,1,1,190,2,181,20,186,,,,,,,,,,,
二二八事件紀念基金會,group,2016-02-28 to 2018-02-28,3,0.0183,66.6667,1.307,1,0,1,6,25,7,21,18,65,,,,,,,,,,,
宜蘭人文基金會,group,2012-03-11 to 2018-03-11,7,0.0664,85.7143,20.5432,1,0,6,3,158,1,258,21,153,,,,,,,,,,,
桃園市群眾服務協會,group,2018-03-08 to 2018-03-08,1,0,0,0.0318,0,0,1,9,5,3,5,14,116,,,,,,,,,,,
台灣防暴聯盟,group,2018-04-18 to 2018-04-18,1,0,0,0.0757,0,0,1,10,74,17,2,19,73,,,,,,,,,,,
親子共學促進會,group,2013-03-09 to 2017-12-25,13,2.1411,92.3077,26.3378,1,0,1,3,158,1,258,21,153,,,,,,,,,,,
政大學生勞動權益促進會,group,2016-07-04 to 2016-07-04,1,0,0,0.1537,0,0,1,1,190,16,2,20,186,,,,,,,,,,,
凱道部落,group,2017-02-23 to 2017-02-23,1,0,0,0,0,0,1,14,4,35,4,3,4,,,,,,,,,,,
公民參與媒體改造聯盟,group,2012-09-01 to 2012-09-01,1,0,0,0.9674,0,0,1,2,88,1,258,15,148,,,,,,,,,,,
臺灣公路工會,group,2016-09-03 to 2016-09-03,1,0,0,0.0984,0,0,1,19,60,29,60,7,59,,,,,,,,,,,
北海岸反核行動聯盟,group,2014-03-08 to 2018-03-11,6,0.0254,83.3333,13.0732,1,0,6,3,158,1,258,21,153,,,,,,,,,,,
主婦聯盟生活消費合作社,group,2012-03-11 to 2018-03-11,9,0.2472,88.8889,21.5907,1,0,6,3,158,1,258,21,153,,,,,,,,,,,
中區反黑箱課綱學生聯盟,group,2015-07-23 to 2015-07-23,1,0,0,1.5376,0,0,1,21,23,1,258,18,65,,,,,,,,,,,
三峽龍埔里自救會,group,2016-09-10 to 2016-09-10,1,0,0,0.6544,0,0,1,16,57,9,48,12,53,,,,,,,,,,,
自辦重劃受害者聯盟,group,2016-09-10 to 2017-12-15,2,0.5667,50,0.6562,0,1,1,16,57,8,4,12,53,,,,,,,,,,,
台灣電子電機資訊產業工會,group,2012-05-01 to 2018-05-01,14,1.0113,92.8571,22.1798,1,0,8,1,190,2,181,20,186,,,,,,,,,,,
能盛興工廠,group,2015-04-25 to 2017-08-30,2,0.3767,50,1.3495,1,0,1,22,9,13,9,16,104,,,,,,,,,,,
婦女新知基金會,group,2012-07-31 to 2018-05-01,16,1.5799,93.75,27.118,1,0,8,10,74,1,258,14,116,,,,,,,,,,,
崔媽媽基金會,group,2014-10-04 to 2014-10-04,1,0,0,3.0214,0,0,1,10,74,1,258,19,73,,,,,,,,,,,
校園同志甦醒日,group,2014-10-05 to 2014-10-25,2,0.0065,50,1.8652,1,0,1,4,102,4,101,14,116,,,,,,,,,,,
台灣公共事務協會,group,2015-04-25 to 2015-04-25,1,0,0,1.335,0,0,1,26,37,25,38,13,40,,,,,,,,,,,
桃園市產業總工會,group,2015-05-01 to 2018-06-03,8,0.0728,87.5,12.0752,1,0,7,1,190,2,181,20,186,,,,,,,,,,,
台北市文山社區大學,group,2012-03-11 to 2017-05-19,5,0.1401,80,12.7015,1,0,1,3,158,1,258,15,148,,,,,,,,,,,
全國金融業服務業產業工會,group,2013-01-13 to 2013-01-13,1,0,0,0.1122,0,0,1,3,158,2,181,21,153,,,,,,,,,,,
台灣南社,group,2012-07-31 to 2018-05-05,8,0.4178,87.5,6.4483,1,0,3,21,23,12,8,18,65,,,,,,,,,,,
台灣綠色酷兒協會,group,2014-04-23 to 2015-10-16,4,0.2882,75,2.0801,1,0,1,4,102,4,101,14,116,,,,,,,,,,,
環境法律人協會,group,2012-03-11 to 2018-03-11,13,0.9341,92.3077,24.1559,1,1,7,3,158,1,258,21,153,,,,,,,,,,,
公民自主機動陣線,group,2014-09-28 to 2015-04-25,2,0.0097,50,1.4111,1,0,2,26,37,1,258,19,73,,,,,,,,,,,
苗栗後生會,group,2012-08-17 to 2013-08-18,2,0.012,50,1.0766,1,0,2,1,190,2,181,20,186,,,,,,,,,,,
民主鬥陣,group,2014-06-26 to 2016-03-05,7,0.2432,85.7143,7.4479,1,0,4,10,74,1,258,19,73,,,,,,,,,,,
高雄市總工會,group,2017-12-04 to 2017-12-04,1,0,0,0.1541,0,0,1,31,10,15,11,17,10,,,,,,,,,,,
苗栗縣產業總工會,group,2012-05-01 to 2018-05-01,7,0.0259,85.7143,9.7428,1,0,7,1,190,2,181,20,186,,,,,,,,,,,
台灣女性學學會,group,2012-10-27 to 2017-10-28,4,0.012,75,3.3095,1,0,4,4,102,4,101,14,116,,,,,,,,,,,
中央大學性／別研究室,group,2012-10-27 to 2016-11-27,6,0.0624,83.3333,14.4986,1,0,6,1,190,2,181,20,186,,,,,,,,,,,
公民媒體文化協會,group,2013-06-04 to 2013-06-04,1,0,0,0.2811,0,0,1,2,88,5,52,15,148,,,,,,,,,,,
獨立青年陣線,group,2013-02-28 to 2017-05-19,3,0.0158,66.6667,1.4501,1,0,1,2,88,5,52,15,148,,,,,,,,,,,
工人國際委員會,group,2012-08-17 to 2015-11-19,7,0.2338,85.7143,11.3139,1,0,6,1,190,4,101,20,186,,,,,,,,,,,
中華民國鐵路工會全國聯合會,group,2013-05-01 to 2014-05-01,2,0.0038,50,2.7318,1,0,1,1,190,2,181,20,186,,,,,,,,,,,
人禾環境倫理發展基金會,group,2013-03-09 to 2015-03-14,3,0.0077,66.6667,12.4616,1,0,1,3,158,1,258,21,153,,,,,,,,,,,
露德協會,group,2014-10-25 to 2014-10-25,1,0,0,0.7722,0,0,1,4,102,4,101,14,116,,,,,,,,,,,
漢藏友好協會,group,2014-03-09 to 2015-03-10,2,0.0015,50,1.1605,1,0,1,2,88,5,52,15,148,,,,,,,,,,,
台灣千里步道協會,group,2013-03-09 to 2015-06-03,5,0.0676,80,13.5739,1,0,4,3,158,1,258,21,153,,,,,,,,,,,
台南市環境保護聯盟,group,2015-06-06 to 2015-12-26,3,0.0162,66.6667,0.8751,1,0,3,7,89,6,70,16,104,,,,,,,,,,,
性別弱勢性保護與兒少保護連線,group,2015-10-31 to 2015-10-31,1,0,0,0.8367,0,0,1,4,102,4,101,14,116,,,,,,,,,,,
綠黨,group,2012-03-11 to 2018-03-11,13,1.8829,92.3077,24.4541,1,0,6,3,158,1,258,21,153,,,,,,,,,,,
劉曉波之友會,group,2016-06-04 to 2016-06-04,1,0,0,0.1812,0,0,1,2,88,5,52,15,148,,,,,,,,,,,
彩虹俱樂部,group,2016-10-29 to 2016-10-29,1,0,0,1.1035,0,0,1,4,102,4,101,14,116,,,,,,,,,,,
中華人權協會,group,2016-12-18 to 2018-05-28,3,1e-04,66.6667,0.222,1,0,3,8,12,37,12,18,65,,,,,,,,,,,
中華民國聽障人協會,group,2016-12-03 to 2016-12-03,1,0,0,0.0534,0,0,1,4,102,27,3,14,116,,,,,,,,,,,
反馬頭山事業廢棄物掩埋場自救會,group,2016-06-05 to 2016-06-05,1,0,0,0.6643,0,0,1,7,89,6,70,16,104,,,,,,,,,,,
台灣環境保護聯盟,group,2012-03-11 to 2018-05-05,11,1.1932,90.9091,23.6488,1,0,6,3,158,1,258,21,153,,,,,,,,,,,
爭好氣聯盟,group,2015-11-28 to 2017-12-17,3,0.0062,66.6667,0.6791,1,0,3,7,89,6,70,16,104,,,,,,,,,,,
台灣國會西藏連線,group,2017-03-05 to 2018-03-10,2,1e-04,50,1.1401,1,0,2,2,88,5,52,15,148,,,,,,,,,,,
殘障希望工程協會,group,2014-10-05 to 2017-12-03,3,0.0117,66.6667,2.2918,1,0,3,4,102,4,101,14,116,,,,,,,,,,,
社工工會,group,2018-05-01 to 2018-05-01,1,0,0,1.2498,0,0,1,1,190,2,181,20,186,,,,,,,,,,,
台灣智庫,group,2018-06-04 to 2018-06-04,1,0,0,0.4314,0,0,1,2,88,5,52,15,148,,,,,,,,,,,
時代力量,group,2015-03-14 to 2018-03-11,6,0.7276,83.3333,10.0414,1,0,1,3,158,4,101,14,116,,,,,,,,,,,
人民作主教育基金會,group,2018-02-28 to 2018-02-28,1,0,0,0.8804,0,0,1,11,18,26,19,15,148,,,,,,,,,,,
台灣環境保護聯盟花蓮分會,group,2017-11-23 to 2017-11-23,1,0,0,0.1968,0,0,1,3,158,30,4,21,153,,,,,,,,,,,
喚醒彰化青年聯盟,group,2015-04-25 to 2016-09-18,3,0.157,66.6667,1.6445,1,0,3,7,89,6,70,16,104,,,,,,,,,,,
中華郵政工會,group,2013-05-01 to 2016-09-03,2,0.3613,50,0.9992,1,0,1,19,60,29,60,7,59,,,,,,,,,,,
反媒體巨獸青年聯盟,group,2012-09-01 to 2014-03-18,5,0.0688,80,10.4529,1,0,5,10,74,1,258,19,73,,,,,,,,,,,
反反反行動聯盟,group,2013-04-19 to 2013-12-28,2,0.0033,50,1.4718,1,0,1,10,74,1,258,19,73,,,,,,,,,,,
南區反課綱微調學生聯盟,group,2015-07-23 to 2015-07-23,1,0,0,1.5376,0,0,1,21,23,1,258,18,65,,,,,,,,,,,
三峽龍埔里劉家自救會,group,2016-09-10 to 2016-09-10,1,0,0,0.6544,0,0,1,16,57,9,48,12,53,,,,,,,,,,,
全國傳播媒體產業工會,group,2017-12-25 to 2017-12-25,1,0,0,1.2392,0,0,1,1,190,2,181,20,186,,,,,,,,,,,
曾文溪畔西港囝仔,group,2017-08-30 to 2017-08-30,1,0,0,0.0145,0,0,1,22,9,13,9,16,104,,,,,,,,,,,
中港溪青年工作隊,group,2013-08-18 to 2013-08-18,1,0,0,0.8654,0,0,1,23,12,28,12,15,148,,,,,,,,,,,
工作貧窮研究室,group,2014-03-18 to 2014-03-18,1,0,0,2.2622,0,0,1,10,74,1,258,19,73,,,,,,,,,,,
殘障聯盟,group,2013-07-28 to 2015-07-23,4,0.0474,75,8.0326,1,0,4,10,74,1,258,19,73,,,,,,,,,,,
熊學會,group,2014-10-05 to 2016-10-29,4,0.0227,75,3.8054,1,0,1,4,102,4,101,14,116,,,,,,,,,,,
蜜蜂公民,group,2015-04-25 to 2015-04-25,1,0,0,1.335,0,0,1,26,37,25,38,13,40,,,,,,,,,,,
台灣東社,group,2013-03-09 to 2018-05-05,2,0.0923,50,5.9632,1,0,1,28,27,23,31,15,148,,,,,,,,,,,
高雄市產業總工會,group,2013-07-28 to 2018-05-01,9,0.7503,88.8889,10.6054,1,0,5,1,190,2,181,20,186,,,,,,,,,,,
台灣基督長老教會,group,2012-03-11 to 2018-03-11,7,0.5033,85.7143,16.5314,1,0,1,3,158,1,258,21,153,,,,,,,,,,,
台灣農努聯盟,group,2012-09-15 to 2013-11-29,2,0,50,0.1652,1,0,2,21,23,12,8,18,65,,,,,,,,,,,
福爾摩鯊會社,group,2014-09-28 to 2015-04-25,4,0.1068,75,6.4716,1,0,4,2,88,25,38,19,73,,,,,,,,,,,
桃園縣教育產業工會,group,2012-11-25 to 2015-07-23,7,0.1668,85.7143,18.8535,1,0,6,1,190,2,181,20,186,,,,,,,,,,,
高雄健康空氣行動聯盟,group,2015-06-06 to 2016-06-05,2,0.0226,50,0.9451,1,0,1,7,89,24,24,16,104,,,,,,,,,,,
高雄市職業總工會,group,2014-05-01 to 2017-12-04,2,0.0283,50,1.9851,1,0,1,31,10,15,11,17,10,,,,,,,,,,,
新竹縣產業總工會,group,2012-05-01 to 2018-05-01,12,0.1649,91.6667,23.5038,1,0,8,1,190,2,181,20,186,,,,,,,,,,,
台灣青年反共救國團,group,2012-06-04 to 2018-06-04,7,0.0906,85.7143,4.0697,1,0,1,2,88,5,52,15,148,,,,,,,,,,,
中華進步利用協會,group,2012-03-11 to 2012-03-11,1,0,0,3.5176,0,0,1,3,158,1,258,21,153,,,,,,,,,,,
靜宜大學台灣研究中心,group,2013-02-28 to 2013-02-28,1,0,0,0.1141,0,0,1,6,25,5,52,18,65,,,,,,,,,,,
洪雅書房,group,2013-03-09 to 2016-06-05,3,0.1265,66.6667,6.2402,1,0,3,7,89,6,70,16,104,,,,,,,,,,,
台灣醫學生聯合會,group,2014-10-25 to 2016-10-29,3,0.0086,66.6667,2.7124,1,0,1,4,102,4,101,14,116,,,,,,,,,,,
台灣鐵路工會,group,2012-05-01 to 2016-05-01,5,0.0134,80,6.6332,1,0,5,1,190,2,181,20,186,,,,,,,,,,,
社會民主黨,group,2015-04-25 to 2017-10-28,5,0.4402,80,5.2499,1,0,1,6,25,4,101,18,65,,,,,,,,,,,
媽媽監督核電廠聯盟,group,2013-03-09 to 2018-03-11,6,0.0435,83.3333,17.0257,1,0,6,3,158,1,258,21,153,,,,,,,,,,,
台灣障礙者權益促進會,group,2014-10-04 to 2017-10-28,5,0.3211,80,5.4294,1,0,1,4,102,4,101,14,116,,,,,,,,,,,
台灣視覺藝術協會,group,2017-03-11 to 2017-03-11,1,0,0,1.3565,0,0,1,3,158,1,258,21,153,,,,,,,,,,,
南部反空污大聯盟,group,2017-12-17 to 2017-12-17,1,0,0,0.0849,0,0,1,7,89,6,70,16,104,,,,,,,,,,,
水男孩,group,2015-10-31 to 2017-10-28,2,0.0049,50,1.8807,1,0,1,4,102,4,101,14,116,,,,,,,,,,,
全國教保產業工會,group,2017-05-01 to 2018-05-01,3,0.0126,66.6667,3.5655,1,0,1,1,190,2,181,20,186,,,,,,,,,,,
青平台基金會,group,2012-07-31 to 2018-06-04,10,0.5384,90,21.2932,1,0,1,3,158,1,258,15,148,,,,,,,,,,,
台北二二八紀念館,group,2016-02-28 to 2018-02-28,2,6e-04,50,0.4266,1,0,1,6,25,7,21,18,65,,,,,,,,,,,
永社,group,2013-08-18 to 2018-05-05,11,0.9299,90.9091,15.2017,1,0,6,10,74,1,258,15,148,,,,,,,,,,,
台中市原鄉文化協會,group,2015-11-28 to 2015-11-28,1,0,0,0.3547,0,0,1,7,89,6,70,16,104,,,,,,,,,,,
非典型勞動工作坊,group,2012-11-25 to 2015-11-19,7,0.0619,85.7143,14.3062,1,0,6,1,190,2,181,20,186,,,,,,,,,,,
g0v零時政府,group,2013-10-10 to 2013-12-28,2,0.0013,50,0.9562,1,0,2,10,74,1,258,19,73,,,,,,,,,,,
原住民族青年陣線,group,2017-11-23 to 2017-11-23,1,0,0,0.1968,0,0,1,3,158,30,4,21,153,,,,,,,,,,,
公義生態社會聯盟,group,2012-09-01 to 2012-09-01,1,0,0,0.9674,0,0,1,2,88,1,258,15,148,,,,,,,,,,,
臺灣港務工會,group,2016-09-03 to 2016-09-03,1,0,0,0.0984,0,0,1,19,60,29,60,7,59,,,,,,,,,,,
文化元年,group,2013-07-28 to 2015-11-07,4,0.007,75,7.4897,1,0,4,10,74,1,258,19,73,,,,,,,,,,,
台北市角落關懷協會,group,2013-04-19 to 2013-04-19,1,0,0,0.7963,0,0,1,3,158,1,258,21,153,,,,,,,,,,,
東區反課綱違調行動聯盟,group,2015-07-23 to 2015-07-23,1,0,0,1.5376,0,0,1,21,23,1,258,18,65,,,,,,,,,,,
土城普安堂,group,2016-09-10 to 2016-09-10,1,0,0,0.6544,0,0,1,16,57,9,48,12,53,,,,,,,,,,,
台南社區協力農業,group,2017-08-30 to 2017-08-30,1,0,0,0.0145,0,0,1,22,9,13,9,16,104,,,,,,,,,,,
卓蘭白布帆自救會,group,2013-08-18 to 2013-08-18,1,0,0,0.8654,0,0,1,23,12,28,12,15,148,,,,,,,,,,,
酷摩沙獎,group,2016-12-10 to 2016-12-10,1,0,0,0.2413,0,0,1,4,102,4,101,14,116,,,,,,,,,,,
智障者家長總會,group,2014-10-04 to 2014-10-04,1,0,0,3.0214,0,0,1,10,74,1,258,19,73,,,,,,,,,,,
高雄中央公園護樹護地聯盟,group,2015-04-25 to 2015-04-25,1,0,0,1.335,0,0,1,26,37,25,38,13,40,,,,,,,,,,,
台灣客社,group,2014-03-18 to 2018-05-05,2,0.028,50,2.8889,1,0,1,28,27,23,31,15,148,,,,,,,,,,,
紹興社區自救會,group,2013-03-16 to 2016-09-10,3,0.0929,66.6667,4.2433,1,0,1,1,190,2,181,19,73,,,,,,,,,,,
兩岸協議監督聯盟,group,2013-06-04 to 2014-09-28,4,0.042,75,3.8308,1,0,4,10,74,5,52,19,73,,,,,,,,,,,
桃園在地聯盟,group,2012-11-25 to 2018-03-11,13,1.8685,92.3077,30.637,1,0,6,3,158,1,258,20,186,,,,,,,,,,,
西海岸保育聯盟,group,2013-04-06 to 2015-11-28,3,0.0466,66.6667,1.1031,1,0,1,7,89,6,70,16,104,,,,,,,,,,,
台灣小留學生家長協進會,group,2012-03-11 to 2018-05-05,4,0.1465,75,7.2461,1,0,1,21,23,1,258,15,148,,,,,,,,,,,
反國道7號大寮自救會,group,2015-06-06 to 2015-06-06,1,0,0,0.2809,0,0,1,7,89,24,24,16,104,,,,,,,,,,,
台灣和平草根聯盟,group,2012-10-27 to 2012-10-27,1,0,0,0.7376,0,0,1,4,102,4,101,14,116,,,,,,,,,,,
二二八共生音樂節工作小組,group,2014-02-28 to 2014-02-28,1,0,0,0.2237,0,0,1,6,25,7,21,18,65,,,,,,,,,,,
不要核四五六運動,group,2014-03-08 to 2015-04-25,3,0.0405,66.6667,8.4602,1,0,1,3,158,1,258,21,153,,,,,,,,,,,
自由思想學術基金會,group,2015-02-28 to 2015-02-28,1,0,0,0.2544,0,0,1,6,25,7,21,18,65,,,,,,,,,,,
台灣永續聯盟,group,2013-03-09 to 2015-12-26,2,0.0214,50,5.576,1,0,2,7,89,6,70,16,104,,,,,,,,,,,
同志父母愛心協會,group,2012-10-27 to 2017-10-28,6,0.0615,83.3333,5.587,1,0,1,4,102,4,101,14,116,,,,,,,,,,,
廢除死刑推動聯盟,group,2012-03-11 to 2018-06-04,14,0.7511,92.8571,24.0438,1,0,7,2,88,1,258,15,148,,,,,,,,,,,
台南市夢城自立生活協會,group,2015-10-16 to 2015-10-16,1,0,0,0.207,0,0,1,4,102,4,101,14,116,,,,,,,,,,,
全民拒吃大便聯盟,group,2016-12-18 to 2018-05-28,3,1e-04,66.6667,0.222,1,0,3,8,12,37,12,18,65,,,,,,,,,,,
同光同志長老教會,group,2012-10-27 to 2017-10-28,9,0.5663,88.8889,11.4012,1,0,6,4,102,4,101,14,116,,,,,,,,,,,
彭明敏文教基金會,group,2017-02-28 to 2017-02-28,1,0,0,0.2109,0,0,1,6,25,7,21,18,65,,,,,,,,,,,
外國駐台代表處聯合大隊,group,2017-10-28 to 2017-10-28,1,0,0,1.044,0,0,1,4,102,4,101,14,116,,,,,,,,,,,
台灣自由圖博學會,group,2017-03-05 to 2018-03-10,2,1e-04,50,1.1401,1,0,2,2,88,5,52,15,148,,,,,,,,,,,
勞動視野協會,group,2018-05-01 to 2018-05-01,1,0,0,1.2498,0,0,1,1,190,2,181,20,186,,,,,,,,,,,
國家人權博物館籌備處,group,2018-02-28 to 2018-02-28,1,0,0,0.1968,0,0,1,6,25,7,21,18,65,,,,,,,,,,,
苑裡反瘋車自救會,group,2013-04-06 to 2013-12-28,3,0.0149,66.6667,2.0086,1,0,1,10,74,6,70,16,104,,,,,,,,,,,
工具青年人陣線,group,2018-02-28 to 2018-02-28,1,0,0,0.8804,0,0,1,11,18,26,19,15,148,,,,,,,,,,,
台北捷運工會,group,2016-09-03 to 2016-09-03,1,0,0,0.0984,0,0,1,19,60,29,60,7,59,,,,,,,,,,,
台南市社區大學,group,2013-07-28 to 2014-10-04,3,0.0112,66.6667,6.495,1,0,2,10,74,1,258,19,73,,,,,,,,,,,
鹽寮反核自救會,group,2012-03-11 to 2018-03-11,6,0.0439,83.3333,14.802,1,0,6,3,158,1,258,21,153,,,,,,,,,,,
醫師勞動條件改革小組,group,2012-05-01 to 2017-05-01,10,0.177,90,20.6042,1,0,8,1,190,2,181,20,186,,,,,,,,,,,
台灣青年反美牛聯盟,group,2012-04-01 to 2012-04-01,1,0,0,0.4306,0,0,1,3,158,31,7,21,153,,,,,,,,,,,
台東廢核反核廢聯盟,group,2013-04-19 to 2015-03-14,2,0.0103,50,5.051,1,0,1,3,158,1,258,21,153,,,,,,,,,,,
公民教師行動聯盟,group,2015-07-23 to 2015-07-23,1,0,0,1.5376,0,0,1,21,23,1,258,18,65,,,,,,,,,,,
大智慧學苑反拆自救會,group,2016-09-10 to 2016-09-10,1,0,0,0.6544,0,0,1,16,57,9,48,12,53,,,,,,,,,,,
台灣公民自主發電行動團隊,group,2017-08-30 to 2017-08-30,1,0,0,0.0145,0,0,1,22,9,13,9,16,104,,,,,,,,,,,
後龍灣寶自救會,group,2013-08-18 to 2013-08-18,1,0,0,0.8654,0,0,1,23,12,28,12,15,148,,,,,,,,,,,
真光福音教會,group,2013-03-09 to 2016-12-10,3,0.0387,66.6667,6.4144,1,0,1,4,102,4,101,14,116,,,,,,,,,,,
高雄遊行聯盟,group,2014-10-05 to 2014-10-05,1,0,0,1.093,0,0,1,4,102,4,101,14,116,,,,,,,,,,,
新莊後生聯盟,group,2015-04-25 to 2015-04-25,1,0,0,1.335,0,0,1,26,37,25,38,13,40,,,,,,,,,,,
環境權保障基金會,group,2018-02-28 to 2018-06-03,2,0.0161,50,1.3554,1,0,2,1,190,26,19,15,148,,,,,,,,,,,
民主維新,group,2017-05-19 to 2017-05-19,1,0,0,1.1547,0,0,1,2,88,1,258,15,148,,,,,,,,,,,
穀東俱樂部,group,2013-02-03 to 2013-02-03,1,0,0,0.6168,0,0,1,1,190,2,181,20,186,,,,,,,,,,,
嘉軒電子員工自救會,group,2015-03-10 to 2015-03-10,1,0,0,0.2455,0,0,1,1,190,2,181,20,186,,,,,,,,,,,
高雄市機械總工會,group,2014-05-01 to 2017-12-04,2,0.0283,50,1.9851,1,0,1,31,10,15,11,17,10,,,,,,,,,,,
國際特赦組織台灣分會,group,2012-03-11 to 2017-10-28,11,0.6652,90.9091,17.341,1,0,1,2,88,4,101,14,116,,,,,,,,,,,
天主教嘉祿國際移民組織台灣分會,group,2012-03-11 to 2012-03-11,1,0,0,3.5176,0,0,1,3,158,1,258,21,153,,,,,,,,,,,
台灣性別人權協會,group,2012-10-27 to 2016-11-27,6,0.0624,83.3333,14.4986,1,0,6,1,190,2,181,20,186,,,,,,,,,,,
世新大學社會發展所,group,2012-11-25 to 2016-11-27,6,0.0348,83.3333,14.3778,1,0,6,1,190,2,181,20,186,,,,,,,,,,,
台灣公路工會,group,2013-05-01 to 2013-05-01,1,0,0,0.9008,0,0,1,1,190,2,181,20,186,,,,,,,,,,,
台灣性別平等教育協會,group,2012-10-27 to 2017-10-28,8,0.2934,87.5,14.5095,1,0,6,4,102,4,101,14,116,,,,,,,,,,,
中環股份有限公司關係企業工會,group,2013-11-17 to 2013-11-17,1,0,0,3.0509,0,0,1,1,190,2,181,20,186,,,,,,,,,,,
激進陣線,group,2013-03-09 to 2015-03-14,6,0.2672,83.3333,15.9849,1,0,1,3,158,1,258,18,65,,,,,,,,,,,
台灣獨立建國聯盟,group,2013-03-09 to 2018-02-28,6,0.2493,83.3333,8.4905,1,0,1,6,25,7,21,18,65,,,,,,,,,,,
月見學習農園,group,2015-03-14 to 2015-03-14,1,0,0,4.2547,0,0,1,3,158,1,258,21,153,,,,,,,,,,,
雲林縣耘林藝術人文生態關懷協會,group,2015-06-06 to 2016-06-05,3,0.0282,66.6667,1.1846,1,0,3,7,89,6,70,16,104,,,,,,,,,,,
哲學星期五台中,group,2015-03-10 to 2016-03-05,2,0.0012,50,1.4417,1,0,1,2,88,5,52,15,148,,,,,,,,,,,
台灣八福無障礙生活發展協會,group,2015-10-16 to 2015-10-16,1,0,0,0.207,0,0,1,4,102,4,101,14,116,,,,,,,,,,,
稅改青年陣線,group,2016-12-18 to 2018-05-28,3,1e-04,66.6667,0.222,1,0,3,8,12,37,12,18,65,,,,,,,,,,,
青年勞動九五聯盟,group,2013-05-01 to 2017-05-01,10,0.2016,90,19.3467,1,0,8,1,190,2,181,20,186,,,,,,,,,,,
中華身心健康促進暨研究協會,group,2017-10-28 to 2017-10-28,1,0,0,1.044,0,0,1,4,102,4,101,14,116,,,,,,,,,,,
獅潭森林大學,group,2015-11-28 to 2015-11-28,1,0,0,0.3547,0,0,1,7,89,6,70,16,104,,,,,,,,,,,
台中市新文化協會,group,2018-02-28 to 2018-02-28,1,0,0,0.8804,0,0,1,11,18,26,19,15,148,,,,,,,,,,,
憲法133實踐聯盟,group,2013-10-10 to 2014-03-18,3,0.0106,66.6667,3.2184,1,0,2,10,74,1,258,19,73,,,,,,,,,,,
臺灣銀行企業工會,group,2016-09-03 to 2016-09-03,1,0,0,0.0984,0,0,1,19,60,29,60,7,59,,,,,,,,,,,
台灣基層護理產業工會,group,2012-05-01 to 2016-11-27,11,0.4556,90.9091,29.1187,1,0,6,1,190,2,181,20,186,,,,,,,,,,,
歷史教師深根聯盟,group,2015-07-23 to 2018-02-28,2,0.0325,50,2.418,1,0,1,11,18,26,19,15,148,,,,,,,,,,,
中壢爭取龍岡路合理拓寬自救會,group,2016-09-10 to 2016-09-10,1,0,0,0.6544,0,0,1,16,57,9,48,12,53,,,,,,,,,,,
藝工能藝文推廣協會,group,2017-08-30 to 2017-08-30,1,0,0,0.0145,0,0,1,22,9,13,9,16,104,,,,,,,,,,,
後龍火葬場自救會,group,2013-08-18 to 2013-08-18,1,0,0,0.8654,0,0,1,23,12,28,12,15,148,,,,,,,,,,,
康復之友聯盟,group,2014-10-04 to 2014-10-04,1,0,0,3.0214,0,0,1,10,74,1,258,19,73,,,,,,,,,,,
台灣司法改革關懷互助協會,group,2018-05-05 to 2018-05-05,1,0,0,0.6267,0,0,1,28,27,23,31,15,148,,,,,,,,,,,
國會調查兵團,group,2017-05-19 to 2017-05-19,1,0,0,1.1547,0,0,1,2,88,1,258,15,148,,,,,,,,,,,
綠色陣線協會,group,2013-02-03 to 2013-02-03,1,0,0,0.6168,0,0,1,1,190,2,181,20,186,,,,,,,,,,,
航空城反迫遷聯盟,group,2013-12-24 to 2015-04-25,2,0.0105,50,1.833,1,0,2,26,37,2,181,13,40,,,,,,,,,,,
老年勞工關懷互助協會,group,2015-03-10 to 2016-01-09,3,0.0032,66.6667,2.7195,1,0,3,1,190,2,181,20,186,,,,,,,,,,,
台灣母語聯盟,group,2012-07-31 to 2013-03-09,2,0.0076,50,6.9006,1,0,1,2,88,1,258,15,148,,,,,,,,,,,
高雄市公務機關總工會,group,2017-12-04 to 2017-12-04,1,0,0,0.1541,0,0,1,31,10,15,11,17,10,,,,,,,,,,,
宜蘭縣產業總工會,group,2012-05-01 to 2018-05-01,7,0.0259,85.7143,9.7428,1,0,7,1,190,2,181,20,186,,,,,,,,,,,
公共知識份子雜誌社,group,2012-06-04 to 2012-06-04,1,0,0,0.2731,0,0,1,2,88,5,52,15,148,,,,,,,,,,,
土拉客農場,group,2013-03-09 to 2013-03-09,1,0,0,5.3364,0,0,1,3,158,1,258,21,153,,,,,,,,,,,
澳門性別教育協會,group,2014-10-25 to 2015-10-31,2,0.0017,50,1.6089,1,0,1,4,102,4,101,14,116,,,,,,,,,,,
天主教希望職工中心,group,2013-11-17 to 2015-11-19,3,0.0015,66.6667,9.0694,1,0,1,1,190,2,181,20,186,,,,,,,,,,,
中華民國聾人協會,group,2014-10-25 to 2016-10-29,4,0.0424,75,2.9194,1,0,1,4,102,4,101,14,116,,,,,,,,,,,
雲林縣產業總工會,group,2016-05-01 to 2018-05-01,4,0.0148,75,4.518,1,0,4,1,190,2,181,20,186,,,,,,,,,,,
悠遊卡股份有限公司,group,2016-02-28 to 2016-02-28,1,0,0,0.2298,0,0,1,6,25,7,21,18,65,,,,,,,,,,,
1219行動聯盟,group,2016-12-18 to 2018-05-28,3,1e-04,66.6667,0.222,1,0,3,8,12,37,12,18,65,,,,,,,,,,,
台北市建成扶輪社,group,2017-02-28 to 2017-02-28,1,0,0,0.2109,0,0,1,6,25,7,21,18,65,,,,,,,,,,,
國際西藏網絡,group,2017-03-05 to 2018-03-10,2,1e-04,50,1.1401,1,0,2,2,88,5,52,15,148,,,,,,,,,,,
台灣護樹協會,group,2015-11-28 to 2016-06-05,3,0.0211,66.6667,1.2585,1,0,3,7,89,6,70,16,104,,,,,,,,,,,
台中好民文化協會,group,2017-03-05 to 2018-03-10,3,0.0093,66.6667,2.0205,1,0,2,2,88,5,52,15,148,,,,,,,,,,,
中華民國兒童權益促進協會,group,2013-11-10 to 2018-05-05,2,0.0476,50,2.4793,1,0,2,28,27,23,31,15,148,,,,,,,,,,,
全國自主勞工聯盟,group,2012-03-11 to 2018-05-01,16,0.7367,93.75,34.8341,1,0,8,1,190,2,181,20,186,,,,,,,,,,,
臺灣土地銀行企業工會,group,2016-09-03 to 2016-09-03,1,0,0,0.0984,0,0,1,19,60,29,60,7,59,,,,,,,,,,,
全球綠人台灣之友會,group,2012-04-01 to 2012-04-01,1,0,0,0.4306,0,0,1,3,158,31,7,21,153,,,,,,,,,,,
台灣青年智庫,group,2012-03-11 to 2013-04-19,2,0.0085,50,4.3138,1,0,1,3,158,1,258,21,153,,,,,,,,,,,
台中市教師職業工會,group,2015-07-23 to 2015-07-23,1,0,0,1.5376,0,0,1,21,23,1,258,18,65,,,,,,,,,,,
反台南大寮眷改自救會,group,2016-09-10 to 2016-09-10,1,0,0,0.6544,0,0,1,16,57,9,48,12,53,,,,,,,,,,,
捍衛苗栗青年聯盟,group,2013-08-18 to 2014-10-04,4,0.0597,75,6.8246,1,0,1,10,74,1,258,19,73,,,,,,,,,,,
彰化溪州農民,group,2013-03-16 to 2013-03-16,1,0,0,0.5675,0,0,1,1,190,2,181,20,186,,,,,,,,,,,
新屋鄉反瘋車自救會,group,2013-04-06 to 2013-04-06,1,0,0,0.4676,0,0,1,3,158,6,70,16,104,,,,,,,,,,,
台灣民間真相與和解促進會,group,2012-07-31 to 2018-02-28,2,0.006,50,2.4446,1,0,1,11,18,26,19,15,148,,,,,,,,,,,
高雄市婦女新知協會,group,2015-06-06 to 2015-06-06,1,0,0,0.2809,0,0,1,7,89,24,24,16,104,,,,,,,,,,,
高雄市交通運輸總工會,group,2017-12-04 to 2017-12-04,1,0,0,0.1541,0,0,1,31,10,15,11,17,10,,,,,,,,,,,
中華電信工會,group,2012-05-01 to 2018-05-01,8,0.2517,87.5,12.7642,1,0,7,1,190,2,181,20,186,,,,,,,,,,,
台北律師公會環境法委員會,group,2012-03-11 to 2013-03-09,2,0.005,50,8.854,1,0,1,3,158,1,258,21,153,,,,,,,,,,,
台灣港務工會,group,2013-05-01 to 2013-05-01,1,0,0,0.9008,0,0,1,1,190,2,181,20,186,,,,,,,,,,,
台灣維吾爾之友會,group,2013-06-04 to 2018-06-04,4,0.0186,75,2.7477,1,0,1,2,88,5,52,15,148,,,,,,,,,,,
宜蘭友善生活小舖,group,2013-03-09 to 2015-03-14,3,0.0077,66.6667,12.4616,1,0,1,3,158,1,258,21,153,,,,,,,,,,,
關愛基金會,group,2014-10-25 to 2014-10-25,1,0,0,0.7722,0,0,1,4,102,4,101,14,116,,,,,,,,,,,
天主教會新竹教區越南外勞配偶辦公室,group,2012-05-01 to 2015-11-19,4,0.0097,75,10.531,1,0,1,1,190,2,181,20,186,,,,,,,,,,,
台北建成扶輪社,group,2015-02-28 to 2016-02-28,2,7e-04,50,0.4843,1,0,1,6,25,7,21,18,65,,,,,,,,,,,
樹黨,group,2014-10-25 to 2018-03-11,6,0.1976,83.3333,10.3933,1,0,1,4,102,4,101,21,153,,,,,,,,,,,
真理大學法律學系,group,2016-12-18 to 2018-05-28,3,1e-04,66.6667,0.222,1,0,3,8,12,37,12,18,65,,,,,,,,,,,
淡水史田野工作室,group,2016-06-05 to 2016-06-05,1,0,0,0.6643,0,0,1,7,89,6,70,16,104,,,,,,,,,,,
陳文成基金會,group,2012-07-31 to 2018-06-04,6,0.2542,83.3333,6.0077,1,0,1,2,88,1,258,15,148,,,,,,,,,,,
南投生活願景工作室,group,2015-11-28 to 2015-11-28,1,0,0,0.3547,0,0,1,7,89,6,70,16,104,,,,,,,,,,,
中華民國陸軍軍官學校校友總會,group,2016-09-03 to 2016-09-03,1,0,0,0.0984,0,0,1,19,60,29,60,7,59,,,,,,,,,,,
李江却台語文教基金會,group,2012-03-11 to 2014-04-27,2,0.0017,50,4.9016,1,0,1,3,158,1,258,21,153,,,,,,,,,,,
社區大學全國促進會,group,2012-03-11 to 2017-05-19,12,1.9357,91.6667,26.8454,1,0,8,3,158,1,258,15,148,,,,,,,,,,,
台灣家園韌力協會,group,2013-04-19 to 2013-04-19,1,0,0,0.7963,0,0,1,3,158,1,258,21,153,,,,,,,,,,,
台灣原住民基層教師協會,group,2015-07-23 to 2015-07-23,1,0,0,1.5376,0,0,1,21,23,1,258,18,65,,,,,,,,,,,
反台南果協，商協，宣武，嘉新黑箱眷改自救會,group,2016-09-10 to 2016-09-10,1,0,0,0.6544,0,0,1,16,57,9,48,12,53,,,,,,,,,,,
竹南崎頂自救會,group,2013-08-18 to 2013-08-18,1,0,0,0.8654,0,0,1,23,12,28,12,15,148,,,,,,,,,,,
黨產歸零聯盟,group,2014-03-18 to 2014-03-18,1,0,0,2.2622,0,0,1,10,74,1,258,19,73,,,,,,,,,,,
女同志拉拉手協會,group,2014-10-05 to 2014-10-05,1,0,0,1.093,0,0,1,4,102,4,101,14,116,,,,,,,,,,,
台灣公民參與協會,group,2018-05-05 to 2018-05-05,1,0,0,0.6267,0,0,1,28,27,23,31,15,148,,,,,,,,,,,
彰化縣環境保護聯盟,group,2013-04-06 to 2018-03-11,6,0.2652,83.3333,4.0767,1,0,4,7,89,6,70,16,104,,,,,,,,,,,
高雄好空氣自救會,group,2015-06-06 to 2015-06-06,1,0,0,0.2809,0,0,1,7,89,24,24,16,104,,,,,,,,,,,
新高市總工會,group,2017-12-04 to 2018-05-01,3,0.0502,66.6667,2.643,1,0,1,1,190,15,11,20,186,,,,,,,,,,,
台塑關係企業工會聯合會,group,2012-05-01 to 2018-05-01,3,0.0041,66.6667,4.5423,1,0,1,1,190,2,181,20,186,,,,,,,,,,,
台灣二十一世紀議程協會,group,2012-03-11 to 2012-03-11,1,0,0,3.5176,0,0,1,3,158,1,258,21,153,,,,,,,,,,,
台灣關愛之家協會,group,2012-10-27 to 2012-10-27,1,0,0,0.7376,0,0,1,4,102,4,101,14,116,,,,,,,,,,,
台灣社會研究季刊社,group,2012-11-25 to 2013-11-17,2,1e-04,50,5.5659,1,0,2,1,190,2,181,20,186,,,,,,,,,,,
中華民國景觀學會,group,2013-03-09 to 2014-10-04,2,0.0141,50,8.3579,1,0,1,10,74,1,258,19,73,,,,,,,,,,,
反核部隊,group,2013-03-09 to 2014-03-08,2,0.002,50,8.2069,1,0,1,3,158,1,258,21,153,,,,,,,,,,,
財團法人台灣省天主教會新竹教區移民及外勞服務中心,group,2013-11-17 to 2014-11-09,2,7e-04,50,6.096,1,0,1,1,190,2,181,20,186,,,,,,,,,,,
天主教會新竹教區外籍牧靈中心,group,2015-11-19 to 2015-11-19,1,0,0,2.9734,0,0,1,1,190,2,181,20,186,,,,,,,,,,,
真理大學法律扶助協會,group,2016-12-18 to 2018-05-28,3,1e-04,66.6667,0.222,1,0,3,8,12,37,12,18,65,,,,,,,,,,,
台灣TG蝶園,group,2015-11-19 to 2016-11-27,2,9e-04,50,5.15,1,0,1,1,190,2,181,20,186,,,,,,,,,,,
無國界記者,group,2018-06-04 to 2018-06-04,1,0,0,0.4314,0,0,1,2,88,5,52,15,148,,,,,,,,,,,
台灣環境資訊協會,group,2012-03-11 to 2018-03-11,12,0.8696,91.6667,28.1892,1,0,6,3,158,1,258,21,153,,,,,,,,,,,
台灣口述歷史學會,group,2018-02-28 to 2018-02-28,1,0,0,0.8804,0,0,1,11,18,26,19,15,148,,,,,,,,,,,
中華民國退伍軍人協會,group,2016-09-03 to 2016-09-03,1,0,0,0.0984,0,0,1,19,60,29,60,7,59,,,,,,,,,,,
看守台灣協會,group,2012-03-11 to 2018-03-11,7,0.4887,85.7143,11.3048,1,0,1,3,158,1,258,21,153,,,,,,,,,,,
台灣教師聯盟,group,2015-07-23 to 2018-05-05,3,0.0961,66.6667,2.7596,1,0,1,2,88,23,31,18,65,,,,,,,,,,,
台灣原住民族部落行動聯盟,group,2012-03-11 to 2015-11-07,2,0.002,50,4.6632,1,0,2,10,74,1,258,19,73,,,,,,,,,,,
反台南鐵路東移自救會,group,2016-09-10 to 2016-09-10,1,0,0,0.6544,0,0,1,16,57,9,48,12,53,,,,,,,,,,,
勞動人權協會,group,2012-05-01 to 2018-05-01,8,0.0787,87.5,10.5443,1,0,8,1,190,2,181,20,186,,,,,,,,,,,
翻轉嘉義工作隊,group,2017-08-30 to 2017-08-30,1,0,0,0.0145,0,0,1,22,9,13,9,16,104,,,,,,,,,,,
公投護台灣聯盟,group,2014-03-18 to 2018-05-05,4,0.3199,75,5.6079,1,0,1,10,74,23,31,21,153,,,,,,,,,,,
台灣社區居住與獨立生活聯盟,group,2014-10-04 to 2014-10-04,1,0,0,3.0214,0,0,1,10,74,1,258,19,73,,,,,,,,,,,
中華民國視覺藝術協會,group,2012-03-11 to 2015-03-14,4,0.0186,75,15.9792,1,0,1,3,158,1,258,21,153,,,,,,,,,,,
非典勞動工作坊,group,2014-05-01 to 2017-05-01,7,0.0547,85.7143,9.998,1,0,7,1,190,2,181,20,186,,,,,,,,,,,
南洋台灣姊妹會,group,2013-03-09 to 2016-11-27,6,0.249,83.3333,17.3547,1,0,1,1,190,2,181,20,186,,,,,,,,,,,
天主教海星國際服務中心,group,2014-11-09 to 2014-11-09,1,0,0,3.0451,0,0,1,1,190,2,181,20,186,,,,,,,,,,,
華人民主文化協會,group,2015-03-10 to 2015-03-10,1,0,0,0.8058,0,0,1,2,88,5,52,15,148,,,,,,,,,,,
人民民主陣線異於常人算障團,group,2015-10-16 to 2015-10-16,1,0,0,0.207,0,0,1,4,102,4,101,14,116,,,,,,,,,,,
台北市政府文化局,group,2016-02-28 to 2016-02-28,1,0,0,0.2298,0,0,1,6,25,7,21,18,65,,,,,,,,,,,
青年佔領政治,group,2017-03-11 to 2017-03-11,1,0,0,1.3565,0,0,1,3,158,1,258,21,153,,,,,,,,,,,
台灣聲援中國人權律師聯盟,group,2018-06-04 to 2018-06-04,1,0,0,0.4314,0,0,1,2,88,5,52,15,148,,,,,,,,,,,
台灣再生能源推動聯盟,group,2018-03-11 to 2018-03-11,1,0,0,2.0697,0,0,1,3,158,1,258,21,153,,,,,,,,,,,
台灣文學學會,group,2018-02-28 to 2018-02-28,1,0,0,0.8804,0,0,1,11,18,26,19,15,148,,,,,,,,,,,
中華民國空軍校友會,group,2016-09-03 to 2016-09-03,1,0,0,0.0984,0,0,1,19,60,29,60,7,59,,,,,,,,,,,
動物保護行政監督委員會,group,2012-04-01 to 2012-04-01,1,0,0,0.4306,0,0,1,3,158,31,7,21,153,,,,,,,,,,,
全國高級中等學校教育產業工會,group,2015-07-23 to 2016-09-03,2,3.1964,50,1.6359,1,0,1,19,60,29,60,18,65,,,,,,,,,,,
苗栗大埔遭拆遷戶,group,2013-08-18 to 2013-08-18,1,0,0,0.8654,0,0,1,23,12,28,12,15,148,,,,,,,,,,,
台灣社會福利總盟,group,2014-03-18 to 2014-10-04,2,0.0079,50,5.2836,1,0,1,10,74,1,258,19,73,,,,,,,,,,,
台灣區倉儲運輸業工會聯合會,group,2012-11-25 to 2013-11-17,2,1e-04,50,5.5659,1,0,2,1,190,2,181,20,186,,,,,,,,,,,
台中同志遊行聯盟,group,2015-10-31 to 2017-10-28,3,0.0101,66.6667,2.9842,1,0,1,4,102,4,101,14,116,,,,,,,,,,,
奪回桃園青年陣線,group,2015-03-10 to 2015-04-25,3,0.0651,66.6667,6.3955,1,0,1,2,88,25,38,15,148,,,,,,,,,,,
爸爸非核陣線,group,2014-03-08 to 2016-03-12,4,0.048,75,9.598,1,0,4,3,158,1,258,21,153,,,,,,,,,,,
國際陰陽人組織,group,2016-10-29 to 2016-10-29,1,0,0,1.1035,0,0,1,4,102,4,101,14,116,,,,,,,,,,,
高雄市台語詩經教育協會,group,2016-06-05 to 2016-06-05,1,0,0,0.6643,0,0,1,7,89,6,70,16,104,,,,,,,,,,,
高雄市護樹護地協會,group,2015-11-28 to 2015-11-28,1,0,0,0.3547,0,0,1,7,89,6,70,16,104,,,,,,,,,,,
中華民國國防管理學院校友會,group,2016-09-03 to 2016-09-03,1,0,0,0.0984,0,0,1,19,60,29,60,7,59,,,,,,,,,,,
菲律賓歸僑關懷連線,group,2012-11-25 to 2014-11-09,5,0.0528,80,15.3314,1,0,5,1,190,2,181,20,186,,,,,,,,,,,
國際單親兒童文教基金會,group,2012-04-01 to 2012-04-01,1,0,0,0.4306,0,0,1,3,158,31,7,21,153,,,,,,,,,,,
反南鐵東移全線自救聯合會,group,2016-09-10 to 2016-09-10,1,0,0,0.6544,0,0,1,16,57,9,48,12,53,,,,,,,,,,,
苗栗好生活協會,group,2013-08-18 to 2013-08-18,1,0,0,0.8654,0,0,1,23,12,28,12,15,148,,,,,,,,,,,
伊甸社會福利基金會,group,2014-10-04 to 2014-10-04,1,0,0,3.0214,0,0,1,10,74,1,258,19,73,,,,,,,,,,,
捍衛台灣文史青年組合,group,2015-03-14 to 2015-07-23,3,0.0776,66.6667,7.1273,1,0,1,21,23,25,38,18,65,,,,,,,,,,,
城鄉改造環境保護基金會,group,2018-05-05 to 2018-05-05,1,0,0,0.6267,0,0,1,28,27,23,31,15,148,,,,,,,,,,,
台灣電磁輻射公害防治協會,group,2015-06-06 to 2015-06-06,1,0,0,0.2809,0,0,1,7,89,24,24,16,104,,,,,,,,,,,
高雄市石化業產業總工會,group,2017-12-04 to 2017-12-04,1,0,0,0.1541,0,0,1,31,10,15,11,17,10,,,,,,,,,,,
台灣國際家庭互助協會,group,2012-03-11 to 2018-03-11,10,0.5932,90,29.7761,1,0,6,1,190,1,258,20,186,,,,,,,,,,,
化作春泥更護花青年行動聯盟,group,2013-03-09 to 2013-03-09,1,0,0,5.3364,0,0,1,3,158,1,258,21,153,,,,,,,,,,,
張佛泉人權研究中心,group,2015-03-10 to 2015-03-10,1,0,0,0.8058,0,0,1,2,88,5,52,15,148,,,,,,,,,,,
新海瓦斯工會,group,2012-11-25 to 2018-05-01,10,0.1622,90,19.7663,1,0,8,1,190,2,181,20,186,,,,,,,,,,,
對華援助協會,group,2017-03-05 to 2018-03-10,2,1e-04,50,1.1401,1,0,2,2,88,5,52,15,148,,,,,,,,,,,
虎尾厝沙龍,group,2015-11-28 to 2015-11-28,1,0,0,0.3547,0,0,1,7,89,6,70,16,104,,,,,,,,,,,
台灣東亞歴史資源交流協會,group,2018-02-28 to 2018-02-28,1,0,0,0.8804,0,0,1,11,18,26,19,15,148,,,,,,,,,,,
黑手那卡西,group,2012-03-11 to 2016-11-27,9,0.2728,88.8889,28.7222,1,0,6,1,190,1,258,20,186,,,,,,,,,,,
台灣媒體觀察教育基金會,group,2012-09-01 to 2012-09-01,1,0,0,0.9674,0,0,1,2,88,1,258,15,148,,,,,,,,,,,
中華民國復興崗校友會,group,2016-09-03 to 2016-09-03,1,0,0,0.0984,0,0,1,19,60,29,60,7,59,,,,,,,,,,,
民間監督健保聯盟,group,2013-07-28 to 2014-03-18,2,2e-04,50,3.4736,1,0,2,10,74,1,258,19,73,,,,,,,,,,,
關懷生命協會,group,2012-04-01 to 2012-04-01,1,0,0,0.4306,0,0,1,3,158,31,7,21,153,,,,,,,,,,,
蘆荻社大鬥陣公共學習社,group,2013-03-09 to 2013-04-19,2,0.0138,50,6.1327,1,0,1,3,158,1,258,21,153,,,,,,,,,,,
苗栗生態環境協會,group,2013-08-18 to 2013-08-18,1,0,0,0.8654,0,0,1,23,12,28,12,15,148,,,,,,,,,,,
國際同志權益促進會,group,2014-10-05 to 2014-10-05,1,0,0,1.093,0,0,1,4,102,4,101,14,116,,,,,,,,,,,
加工出口區產業工會聯合會,group,2017-12-04 to 2017-12-04,1,0,0,0.1541,0,0,1,31,10,15,11,17,10,,,,,,,,,,,
華人拉拉聯盟,group,2014-10-25 to 2016-10-29,2,0.0045,50,1.8757,1,0,1,4,102,4,101,14,116,,,,,,,,,,,
青少年發聲網,group,2013-03-09 to 2017-03-11,4,0.0156,75,13.8181,1,0,1,3,158,1,258,21,153,,,,,,,,,,,
東吳大學人權學程,group,2015-03-10 to 2015-03-10,1,0,0,0.8058,0,0,1,2,88,5,52,15,148,,,,,,,,,,,
好處工作室,group,2016-03-05 to 2016-03-05,1,0,0,0.6359,0,0,1,2,88,5,52,15,148,,,,,,,,,,,
高雄市鳳鼻頭文化工作協進會,group,2016-06-05 to 2016-06-05,1,0,0,0.6643,0,0,1,7,89,6,70,16,104,,,,,,,,,,,
工具青年陣線,group,2017-10-28 to 2017-10-28,1,0,0,1.044,0,0,1,4,102,4,101,14,116,,,,,,,,,,,
綠色消費者基金會,group,2012-03-11 to 2018-03-11,3,0.0193,66.6667,7.1515,1,0,1,3,158,1,258,15,148,,,,,,,,,,,
台灣新聞記者協會,group,2012-09-01 to 2012-09-01,1,0,0,0.9674,0,0,1,2,88,1,258,15,148,,,,,,,,,,,
中華民國忠義同志會,group,2016-09-03 to 2016-09-03,1,0,0,0.0984,0,0,1,19,60,29,60,7,59,,,,,,,,,,,
小米穗基金會,group,2014-10-04 to 2015-07-23,2,0.0171,50,4.559,1,0,1,21,23,1,258,18,65,,,,,,,,,,,
台中公民會館,group,2016-09-10 to 2016-09-10,1,0,0,0.6544,0,0,1,16,57,9,48,12,53,,,,,,,,,,,
嘉義市桃山人文會館,group,2014-03-18 to 2014-03-18,1,0,0,2.2622,0,0,1,10,74,1,258,19,73,,,,,,,,,,,
公平稅制改革聯盟,group,2014-10-04 to 2014-10-04,1,0,0,3.0214,0,0,1,10,74,1,258,19,73,,,,,,,,,,,
生活品質協進會,group,2015-04-25 to 2015-04-25,1,0,0,1.335,0,0,1,26,37,25,38,13,40,,,,,,,,,,,
反司法濫權行動聯盟,group,2018-05-05 to 2018-05-05,1,0,0,0.6267,0,0,1,28,27,23,31,15,148,,,,,,,,,,,
民間真相與和解促進會,group,2017-05-19 to 2017-05-19,1,0,0,1.1547,0,0,1,2,88,1,258,15,148,,,,,,,,,,,
高雄市獨立總工會,group,2017-12-04 to 2017-12-04,1,0,0,0.1541,0,0,1,31,10,15,11,17,10,,,,,,,,,,,
台灣女人連線,group,2013-03-09 to 2015-03-14,5,0.0665,80,17.7452,1,0,1,3,158,1,258,21,153,,,,,,,,,,,
台灣女性學會,group,2014-10-25 to 2015-10-31,2,0.0017,50,1.6089,1,0,1,4,102,4,101,14,116,,,,,,,,,,,
高雄市古聖樂推廣協會,group,2016-06-05 to 2016-06-05,1,0,0,0.6643,0,0,1,7,89,6,70,16,104,,,,,,,,,,,
新北市愛鄉協會,group,2013-03-09 to 2018-03-11,3,0.0171,66.6667,10.2767,1,0,1,3,158,1,258,21,153,,,,,,,,,,,
台灣原住民族政策協會,group,2014-10-04 to 2018-02-28,2,0.0313,50,3.9018,1,0,1,11,18,26,19,15,148,,,,,,,,,,,
臺灣退伍軍人權益保障協會,group,2016-09-03 to 2016-09-03,1,0,0,0.0984,0,0,1,19,60,29,60,7,59,,,,,,,,,,,
素人之亂,group,2013-04-19 to 2013-04-19,1,0,0,0.7963,0,0,1,3,158,1,258,21,153,,,,,,,,,,,
大地文教基金會,group,2015-07-23 to 2015-07-23,1,0,0,1.5376,0,0,1,21,23,1,258,18,65,,,,,,,,,,,
台北市臥龍街142地號自救會,group,2016-09-10 to 2016-09-10,1,0,0,0.6544,0,0,1,16,57,9,48,12,53,,,,,,,,,,,
台北水噹噹姊妹聯盟,group,2014-03-18 to 2018-05-05,2,0.028,50,2.8889,1,0,1,28,27,23,31,15,148,,,,,,,,,,,
居住正義協會,group,2014-10-04 to 2015-04-25,2,0.0351,50,4.3564,1,0,1,26,37,25,38,13,40,,,,,,,,,,,
新北市產業總工會,group,2016-01-09 to 2016-01-09,1,0,0,1.23,0,0,1,1,190,2,181,20,186,,,,,,,,,,,
中華國家法治改造促進會,group,2018-05-05 to 2018-05-05,1,0,0,0.6267,0,0,1,28,27,23,31,15,148,,,,,,,,,,,
彰化縣健康空氣行動聯盟,group,2015-06-06 to 2015-06-06,1,0,0,0.2809,0,0,1,7,89,24,24,16,104,,,,,,,,,,,
愛滋感染者權益促進會,group,2012-10-27 to 2012-10-27,1,0,0,0.7376,0,0,1,4,102,4,101,14,116,,,,,,,,,,,
台灣獨立音樂協會,group,2015-03-10 to 2015-03-10,1,0,0,0.8058,0,0,1,2,88,5,52,15,148,,,,,,,,,,,
高雄市環境保護協會,group,2016-06-05 to 2016-06-05,1,0,0,0.6643,0,0,1,7,89,6,70,16,104,,,,,,,,,,,
澎湖青年陣線,group,2017-03-11 to 2017-03-11,1,0,0,1.3565,0,0,1,3,158,1,258,21,153,,,,,,,,,,,
雲林淺海養殖協會,group,2015-11-28 to 2015-11-28,1,0,0,0.3547,0,0,1,7,89,6,70,16,104,,,,,,,,,,,
台灣海洋基金會,group,2018-02-28 to 2018-02-28,1,0,0,0.8804,0,0,1,11,18,26,19,15,148,,,,,,,,,,,
全國駐衛警聯誼會,group,2016-09-03 to 2016-09-03,1,0,0,0.0984,0,0,1,19,60,29,60,7,59,,,,,,,,,,,
荒野保護協會,group,2012-03-11 to 2016-06-05,7,0.6419,85.7143,17.7944,1,0,1,3,158,1,258,21,153,,,,,,,,,,,
台南精忠九村自救會,group,2016-09-10 to 2016-09-10,1,0,0,0.6544,0,0,1,16,57,9,48,12,53,,,,,,,,,,,
房市改革行動聯盟,group,2014-10-04 to 2014-10-04,1,0,0,3.0214,0,0,1,10,74,1,258,19,73,,,,,,,,,,,
反洗腦課綱學生陣線,group,2015-04-25 to 2015-04-25,1,0,0,1.335,0,0,1,26,37,25,38,13,40,,,,,,,,,,,
高雄市人權學堂,group,2016-03-05 to 2016-03-05,1,0,0,0.6359,0,0,1,2,88,5,52,15,148,,,,,,,,,,,
高雄市鳳鼻頭歌友會,group,2016-06-05 to 2016-06-05,1,0,0,0.6643,0,0,1,7,89,6,70,16,104,,,,,,,,,,,
綠色和平,group,2015-03-14 to 2018-03-11,2,0.0073,50,6.3244,1,0,1,3,158,1,258,21,153,,,,,,,,,,,
屏東縣環境保護聯盟,group,2015-11-28 to 2016-06-05,2,0.0159,50,1.0189,1,0,1,7,89,6,70,16,104,,,,,,,,,,,
台灣退休警察人員權益促進會,group,2016-09-03 to 2016-09-03,1,0,0,0.0984,0,0,1,19,60,29,60,7,59,,,,,,,,,,,
建教生權益促進聯盟,group,2013-07-28 to 2014-03-18,2,2e-04,50,3.4736,1,0,2,10,74,1,258,19,73,,,,,,,,,,,
黑潮海洋文教基金會,group,2013-04-19 to 2013-04-19,1,0,0,0.7963,0,0,1,3,158,1,258,21,153,,,,,,,,,,,
台南精忠三村自救會,group,2016-09-10 to 2016-09-10,1,0,0,0.6544,0,0,1,16,57,9,48,12,53,,,,,,,,,,,
同學陣,group,2014-10-05 to 2014-10-05,1,0,0,1.093,0,0,1,4,102,4,101,14,116,,,,,,,,,,,
青年監督政府聯盟,group,2015-04-25 to 2015-04-25,1,0,0,1.335,0,0,1,26,37,25,38,13,40,,,,,,,,,,,
台灣醫社,group,2012-07-31 to 2012-07-31,1,0,0,1.5642,0,0,1,2,88,1,258,15,148,,,,,,,,,,,
法律扶助基金會,group,2012-05-01 to 2013-03-09,2,0.0164,50,6.798,1,0,1,1,190,2,181,21,153,,,,,,,,,,,
桃園縣總工會,group,2013-05-01 to 2013-05-01,1,0,0,0.9008,0,0,1,1,190,2,181,20,186,,,,,,,,,,,
朝鳳寺管理委員會,group,2016-06-05 to 2016-06-05,1,0,0,0.6643,0,0,1,7,89,6,70,16,104,,,,,,,,,,,
花東彩虹嘉年華,group,2017-10-28 to 2017-10-28,1,0,0,1.044,0,0,1,4,102,4,101,14,116,,,,,,,,,,,
台灣大學研究生協會,group,2017-03-05 to 2017-03-05,1,0,0,0.5953,0,0,1,2,88,5,52,15,148,,,,,,,,,,,
綠主張綠電生產合作社,group,2018-03-11 to 2018-03-11,1,0,0,2.0697,0,0,1,3,158,1,258,21,153,,,,,,,,,,,
中華民國陸軍官校正52期,group,2016-09-03 to 2016-09-03,1,0,0,0.0984,0,0,1,19,60,29,60,7,59,,,,,,,,,,,
台塑關係企業工會全國聯合會,group,2015-05-01 to 2016-01-09,3,0.0023,66.6667,3.9613,1,0,3,1,190,2,181,20,186,,,,,,,,,,,
公民與法治教育基金會,group,2015-07-23 to 2015-07-23,1,0,0,1.5376,0,0,1,21,23,1,258,18,65,,,,,,,,,,,
台灣21世紀婦女協會,group,2014-03-18 to 2014-03-18,1,0,0,2.2622,0,0,1,10,74,1,258,19,73,,,,,,,,,,,
參玖參公民平台,group,2014-10-04 to 2014-10-04,1,0,0,3.0214,0,0,1,10,74,1,258,19,73,,,,,,,,,,,
青年覺醒陣線,group,2015-04-25 to 2015-04-25,1,0,0,1.335,0,0,1,26,37,25,38,13,40,,,,,,,,,,,
自由台灣黨,group,2015-10-31 to 2018-05-05,3,0.1914,66.6667,2.5669,1,0,1,4,102,4,101,14,116,,,,,,,,,,,
桃園縣職業總工會,group,2013-05-01 to 2013-05-01,1,0,0,0.9008,0,0,1,1,190,2,181,20,186,,,,,,,,,,,
台北市女性權益促進會,group,2013-03-09 to 2014-10-04,2,0.0141,50,8.3579,1,0,1,10,74,1,258,19,73,,,,,,,,,,,
高雄市鳳鼻頭郡健行協會,group,2016-06-05 to 2016-06-05,1,0,0,0.6643,0,0,1,7,89,6,70,16,104,,,,,,,,,,,
市縣政府機關環保工會聯合會,group,2014-05-01 to 2017-05-01,2,0.0081,50,2.9076,1,0,1,1,190,2,181,20,186,,,,,,,,,,,
松菸護樹,group,2018-03-11 to 2018-03-11,1,0,0,2.0697,0,0,1,3,158,1,258,21,153,,,,,,,,,,,
媒體改造學社,group,2012-03-11 to 2015-11-19,5,0.1842,80,15.8399,1,0,1,1,190,1,258,20,186,,,,,,,,,,,
中華民國海軍官校校友會,group,2016-09-03 to 2016-09-03,1,0,0,0.0984,0,0,1,19,60,29,60,7,59,,,,,,,,,,,
無殼蝸牛聯盟,group,2014-10-04 to 2014-10-04,1,0,0,3.0214,0,0,1,10,74,1,258,19,73,,,,,,,,,,,
應許者基督徒行動聯盟,group,2014-10-05 to 2014-10-05,1,0,0,1.093,0,0,1,4,102,4,101,14,116,,,,,,,,,,,
市港合一協會,group,2018-05-05 to 2018-05-05,1,0,0,0.6267,0,0,1,28,27,23,31,15,148,,,,,,,,,,,
彰化縣基督教青年會,group,2015-06-06 to 2015-06-06,1,0,0,0.2809,0,0,1,7,89,24,24,16,104,,,,,,,,,,,
新竹地區保全業產業工會,group,2012-05-01 to 2013-11-17,2,0.0026,50,4.5125,1,0,1,1,190,2,181,20,186,,,,,,,,,,,
中華民國全國勞工聯盟總會,group,2013-05-01 to 2013-05-01,1,0,0,0.9008,0,0,1,1,190,2,181,20,186,,,,,,,,,,,
貧窮同志參政團,group,2014-10-25 to 2015-10-31,2,0.0017,50,1.6089,1,0,1,4,102,4,101,14,116,,,,,,,,,,,
高雄市鳳興環保促進會,group,2016-06-05 to 2016-06-05,1,0,0,0.6643,0,0,1,7,89,6,70,16,104,,,,,,,,,,,
華航企業工會,group,2017-12-25 to 2018-05-01,2,8e-04,50,2.4889,1,0,1,1,190,2,181,20,186,,,,,,,,,,,
喜願大豆特工隊,group,2018-03-11 to 2018-03-11,1,0,0,2.0697,0,0,1,3,158,1,258,21,153,,,,,,,,,,,
傳播學生鬥陣,group,2012-09-01 to 2012-09-01,1,0,0,0.9674,0,0,1,2,88,1,258,15,148,,,,,,,,,,,
中華民國空軍官校校友會,group,2016-09-03 to 2016-09-03,1,0,0,0.0984,0,0,1,19,60,29,60,7,59,,,,,,,,,,,
基隆青年陣線,group,2015-04-25 to 2015-04-25,1,0,0,1.335,0,0,1,26,37,25,38,13,40,,,,,,,,,,,
台中市正義連線建國會,group,2018-05-05 to 2018-05-05,1,0,0,0.6267,0,0,1,28,27,23,31,15,148,,,,,,,,,,,
台灣國際醫學聯盟,group,2017-05-19 to 2017-05-19,1,0,0,1.1547,0,0,1,2,88,1,258,15,148,,,,,,,,,,,
賴和文教基金會,group,2015-06-06 to 2018-02-28,3,0.4107,66.6667,2.6988,1,0,1,11,18,26,19,16,104,,,,,,,,,,,
台灣婦女團體全國聯合會,group,2012-03-11 to 2013-03-09,2,0.005,50,8.854,1,0,1,3,158,1,258,21,153,,,,,,,,,,,
全國工人總工會,group,2013-05-01 to 2013-05-01,1,0,0,0.9008,0,0,1,1,190,2,181,20,186,,,,,,,,,,,
台北市北投社區大學,group,2012-03-11 to 2014-10-04,3,0.029,66.6667,11.8754,1,0,1,3,158,1,258,21,153,,,,,,,,,,,
高雄同志遊行聯盟,group,2014-10-25 to 2014-10-25,1,0,0,0.7722,0,0,1,4,102,4,101,14,116,,,,,,,,,,,
基督長老教會勞工關懷中心,group,2014-11-09 to 2015-11-19,2,1e-04,50,6.0185,1,0,1,1,190,2,181,20,186,,,,,,,,,,,
高雄市鳳興發社區展協會,group,2016-06-05 to 2016-06-05,1,0,0,0.6643,0,0,1,7,89,6,70,16,104,,,,,,,,,,,
埔里pm2.5空污減量自救會,group,2015-11-28 to 2015-11-28,1,0,0,0.3547,0,0,1,7,89,6,70,16,104,,,,,,,,,,,
台灣榮信救護團,group,2018-02-28 to 2018-02-28,1,0,0,0.8804,0,0,1,11,18,26,19,15,148,,,,,,,,,,,
全國公務人員協會,group,2016-09-03 to 2016-09-03,1,0,0,0.0984,0,0,1,19,60,29,60,7,59,,,,,,,,,,,
南臺灣廢核行動聯盟,group,2014-04-27 to 2014-04-27,1,0,0,1.384,0,0,1,3,158,1,258,21,153,,,,,,,,,,,
台北市環保局工會,group,2015-12-25 to 2016-01-09,2,0,50,2.474,1,0,2,1,190,2,181,20,186,,,,,,,,,,,
公民新聞社,group,2018-05-05 to 2018-05-05,1,0,0,0.6267,0,0,1,28,27,23,31,15,148,,,,,,,,,,,
台北市永和社區大學,group,2012-03-11 to 2015-03-14,4,0.0463,75,16.1301,1,0,1,3,158,1,258,21,153,,,,,,,,,,,
異於常人算障團,group,2015-10-31 to 2015-10-31,1,0,0,0.8367,0,0,1,4,102,4,101,14,116,,,,,,,,,,,
高雄市人民團體聘雇人員職業工會,group,2015-03-10 to 2015-03-10,1,0,0,0.8058,0,0,1,2,88,5,52,15,148,,,,,,,,,,,
台北市新生活自立生活協會,group,2015-05-01 to 2016-10-29,2,0.019,50,2.5907,1,0,1,1,190,4,101,14,116,,,,,,,,,,,
高雄市沿海敬老協會,group,2016-06-05 to 2016-06-05,1,0,0,0.6643,0,0,1,7,89,6,70,16,104,,,,,,,,,,,
台灣勞動派遣產業工會,group,2017-05-01 to 2017-05-01,1,0,0,1.0766,0,0,1,1,190,2,181,20,186,,,,,,,,,,,
北台灣學生性/別社團聯盟,group,2017-10-28 to 2017-10-28,1,0,0,1.044,0,0,1,4,102,4,101,14,116,,,,,,,,,,,
臺中市海線社區大學,group,2015-11-28 to 2015-11-28,1,0,0,0.3547,0,0,1,7,89,6,70,16,104,,,,,,,,,,,
勞動部公務人員協會,group,2016-09-03 to 2016-09-03,1,0,0,0.0984,0,0,1,19,60,29,60,7,59,,,,,,,,,,,
澄社,group,2013-07-28 to 2015-07-23,4,0.0628,75,5.8766,1,0,4,10,74,1,258,19,73,,,,,,,,,,,
環保局工會市縣聯合會,group,2015-12-25 to 2016-01-09,2,0,50,2.474,1,0,2,1,190,2,181,20,186,,,,,,,,,,,
當代漂泊,group,2014-05-01 to 2016-09-10,4,0.5554,75,8.5519,1,0,1,1,190,2,181,19,73,,,,,,,,,,,
台灣公義社,group,2014-03-18 to 2014-03-18,1,0,0,2.2622,0,0,1,10,74,1,258,19,73,,,,,,,,,,,
台灣國會透明化促進協會,group,2018-05-05 to 2018-05-05,1,0,0,0.6267,0,0,1,28,27,23,31,15,148,,,,,,,,,,,
高雄市社區大學促進會,group,2012-07-31 to 2012-07-31,1,0,0,1.5642,0,0,1,2,88,1,258,15,148,,,,,,,,,,,
媽祖魚保護聯盟,group,2015-03-14 to 2015-06-06,2,0.1257,50,4.5356,1,0,1,7,89,24,24,16,104,,,,,,,,,,,
台北市社區大學民間促進會,group,2013-03-09 to 2013-03-09,1,0,0,5.3364,0,0,1,3,158,1,258,21,153,,,,,,,,,,,
聽障人協會,group,2016-10-29 to 2016-10-29,1,0,0,1.1035,0,0,1,4,102,4,101,14,116,,,,,,,,,,,
全國教育產業總工會,group,2014-11-09 to 2017-05-01,5,2.4849,80,9.3701,1,0,1,1,190,2,181,20,186,,,,,,,,,,,
高雄市漁民港務促進會,group,2016-06-05 to 2016-06-05,1,0,0,0.6643,0,0,1,7,89,6,70,16,104,,,,,,,,,,,
台北市企業總工會,group,2017-05-01 to 2017-05-01,1,0,0,1.0766,0,0,1,1,190,2,181,20,186,,,,,,,,,,,
中部學生性/別社團聯盟,group,2017-10-28 to 2017-10-28,1,0,0,1.044,0,0,1,4,102,4,101,14,116,,,,,,,,,,,
雲林爸媽要乾淨呼吸聯盟,group,2015-11-28 to 2015-11-28,1,0,0,0.3547,0,0,1,7,89,6,70,16,104,,,,,,,,,,,
花蓮縣公務人員協會,group,2016-09-03 to 2016-09-03,1,0,0,0.0984,0,0,1,19,60,29,60,7,59,,,,,,,,,,,
建成扶輪社,group,2018-05-05 to 2018-05-05,1,0,0,0.6267,0,0,1,28,27,23,31,15,148,,,,,,,,,,,
鹿港囡仔公司,group,2015-06-06 to 2015-06-06,1,0,0,0.2809,0,0,1,7,89,24,24,16,104,,,,,,,,,,,
台北市家長協會,group,2013-03-09 to 2018-03-11,2,0.0113,50,7.4062,1,0,1,3,158,1,258,21,153,,,,,,,,,,,
台灣新聞傳播產業工會,group,2013-11-17 to 2013-11-17,1,0,0,3.0509,0,0,1,1,190,2,181,20,186,,,,,,,,,,,
高雄市鳳林環保關懷協會,group,2016-06-05 to 2016-06-05,1,0,0,0.6643,0,0,1,7,89,6,70,16,104,,,,,,,,,,,
台北市社會工作人員職業工會,group,2017-05-01 to 2017-05-01,1,0,0,1.0766,0,0,1,1,190,2,181,20,186,,,,,,,,,,,
美國在台協會,group,2017-10-28 to 2017-10-28,1,0,0,1.044,0,0,1,4,102,4,101,14,116,,,,,,,,,,,
雲林縣環境保護聯盟,group,2015-11-28 to 2015-11-28,1,0,0,0.3547,0,0,1,7,89,6,70,16,104,,,,,,,,,,,
雲林縣公務人員協會,group,2016-09-03 to 2016-09-03,1,0,0,0.0984,0,0,1,19,60,29,60,7,59,,,,,,,,,,,
中央健保署工會,group,2015-12-25 to 2016-01-09,2,0,50,2.474,1,0,2,1,190,2,181,20,186,,,,,,,,,,,
左營自助新村自救會,group,2016-09-10 to 2016-09-10,1,0,0,0.6544,0,0,1,16,57,9,48,12,53,,,,,,,,,,,
全美台灣人權協會,group,2018-05-05 to 2018-05-05,1,0,0,0.6267,0,0,1,28,27,23,31,15,148,,,,,,,,,,,
大城鄉反污染自救會,group,2015-06-06 to 2015-06-06,1,0,0,0.2809,0,0,1,7,89,24,24,16,104,,,,,,,,,,,
台灣跨性別權益行動會,group,2013-11-17 to 2013-11-17,1,0,0,3.0509,0,0,1,1,190,2,181,20,186,,,,,,,,,,,
bitheway拜訪,group,2014-10-05 to 2017-10-28,5,0.0449,80,4.8494,1,0,1,4,102,4,101,14,116,,,,,,,,,,,
警察工會推動會,group,2014-11-09 to 2015-11-19,2,1e-04,50,6.0185,1,0,1,1,190,2,181,20,186,,,,,,,,,,,
香港研究小組有愛無陷,group,2016-10-29 to 2016-10-29,1,0,0,1.1035,0,0,1,4,102,4,101,14,116,,,,,,,,,,,
高雄市小港活力社區發展協會,group,2016-06-05 to 2016-06-05,1,0,0,0.6643,0,0,1,7,89,6,70,16,104,,,,,,,,,,,
台中市社會福利產業工會籌備小組,group,2017-05-01 to 2017-05-01,1,0,0,1.0766,0,0,1,1,190,2,181,20,186,,,,,,,,,,,
台灣護師醫療產業工會,group,2018-05-01 to 2018-05-01,1,0,0,1.2498,0,0,1,1,190,2,181,20,186,,,,,,,,,,,
史明教育基金會,group,2018-02-28 to 2018-02-28,1,0,0,0.8804,0,0,1,11,18,26,19,15,148,,,,,,,,,,,
彰化縣公務人員協會,group,2016-09-03 to 2016-09-03,1,0,0,0.0984,0,0,1,19,60,29,60,7,59,,,,,,,,,,,
左營崇實新村自救會,group,2016-09-10 to 2016-09-10,1,0,0,0.6544,0,0,1,16,57,9,48,12,53,,,,,,,,,,,
台北律師公會人權委員會,group,2013-08-18 to 2013-08-18,1,0,0,0.8654,0,0,1,23,12,28,12,15,148,,,,,,,,,,,
中壢小蜜蜂,group,2015-04-25 to 2015-04-25,1,0,0,1.335,0,0,1,26,37,25,38,13,40,,,,,,,,,,,
軍中人權暨受害家屬協會,group,2018-05-05 to 2018-05-05,1,0,0,0.6267,0,0,1,28,27,23,31,15,148,,,,,,,,,,,
台灣自由圖博學聯,group,2017-05-19 to 2017-05-19,1,0,0,1.1547,0,0,1,2,88,1,258,15,148,,,,,,,,,,,
半線新生會,group,2015-06-06 to 2015-06-06,1,0,0,0.2809,0,0,1,7,89,24,24,16,104,,,,,,,,,,,
小YG行動聯盟,group,2014-10-25 to 2014-10-25,1,0,0,0.7722,0,0,1,4,102,4,101,14,116,,,,,,,,,,,
跨性別權益行動會,group,2014-11-09 to 2014-11-09,1,0,0,3.0451,0,0,1,1,190,2,181,20,186,,,,,,,,,,,
屏東縣左岸高屏溪協會,group,2016-06-05 to 2016-06-05,1,0,0,0.6643,0,0,1,7,89,6,70,16,104,,,,,,,,,,,
台南市社會工作人員職業工會籌備小組,group,2017-05-01 to 2017-05-01,1,0,0,1.0766,0,0,1,1,190,2,181,20,186,,,,,,,,,,,
搶救大潭藻礁行動聯盟,group,2018-03-11 to 2018-03-11,1,0,0,2.0697,0,0,1,3,158,1,258,21,153,,,,,,,,,,,
大台中南屯文山環境保護自救會,group,2015-11-28 to 2015-11-28,1,0,0,0.3547,0,0,1,7,89,6,70,16,104,,,,,,,,,,,
民報文化藝術基金會,group,2018-02-28 to 2018-02-28,1,0,0,0.8804,0,0,1,11,18,26,19,15,148,,,,,,,,,,,
桃園市公務人員協會,group,2016-09-03 to 2016-09-03,1,0,0,0.0984,0,0,1,19,60,29,60,7,59,,,,,,,,,,,
全國關懷基層老人社福連線協會,group,2015-12-25 to 2016-01-09,2,0,50,2.474,1,0,2,1,190,2,181,20,186,,,,,,,,,,,
左營新崇實社區發展協會,group,2016-09-10 to 2016-09-10,1,0,0,0.6544,0,0,1,16,57,9,48,12,53,,,,,,,,,,,
台灣法學會,group,2013-03-09 to 2013-08-18,2,0.0261,50,6.2018,1,0,1,23,12,28,12,15,148,,,,,,,,,,,
台灣民族同盟,group,2014-03-18 to 2014-03-18,1,0,0,2.2622,0,0,1,10,74,1,258,19,73,,,,,,,,,,,
台灣未來黨,group,2018-05-05 to 2018-05-05,1,0,0,0.6267,0,0,1,28,27,23,31,15,148,,,,,,,,,,,
保鹿運動協會,group,2015-06-06 to 2015-06-06,1,0,0,0.2809,0,0,1,7,89,24,24,16,104,,,,,,,,,,,
北區捷運電聯車駕駛產業工會,group,2017-05-01 to 2017-05-01,1,0,0,1.0766,0,0,1,1,190,2,181,20,186,,,,,,,,,,,
反文山工業區自救會,group,2015-11-28 to 2015-11-28,1,0,0,0.3547,0,0,1,7,89,6,70,16,104,,,,,,,,,,,
臺北市公務人員協會,group,2016-09-03 to 2016-09-03,1,0,0,0.0984,0,0,1,19,60,29,60,7,59,,,,,,,,,,,
台灣樹人會,group,2015-07-23 to 2015-07-23,1,0,0,1.5376,0,0,1,21,23,1,258,18,65,,,,,,,,,,,
搶救浮圳自救會,group,2016-09-10 to 2016-09-10,1,0,0,0.6544,0,0,1,16,57,9,48,12,53,,,,,,,,,,,
台北市婦女新知協會,group,2018-05-05 to 2018-05-05,1,0,0,0.6267,0,0,1,28,27,23,31,15,148,,,,,,,,,,,
行南文化協會,group,2012-05-01 to 2014-03-18,2,0.0207,50,3.7238,1,0,1,1,190,2,181,19,73,,,,,,,,,,,
高雄市教育產業工會,group,2012-11-25 to 2016-09-03,5,3.1525,80,11.6828,1,0,4,1,190,2,181,20,186,,,,,,,,,,,
摩爾門同盟會,group,2014-10-25 to 2014-10-25,1,0,0,0.7722,0,0,1,4,102,4,101,14,116,,,,,,,,,,,
海洋臺灣文教基金會,group,2016-06-05 to 2016-06-05,1,0,0,0.6643,0,0,1,7,89,6,70,16,104,,,,,,,,,,,
驕陽基金會,group,2017-10-28 to 2017-10-28,1,0,0,1.044,0,0,1,4,102,4,101,14,116,,,,,,,,,,,
高雄市公務人員協會,group,2016-09-03 to 2016-09-03,1,0,0,0.0984,0,0,1,19,60,29,60,7,59,,,,,,,,,,,
石岡反徵收聯合自救會,group,2016-09-10 to 2016-09-10,1,0,0,0.6544,0,0,1,16,57,9,48,12,53,,,,,,,,,,,
大台北同學會,group,2014-10-05 to 2017-10-28,2,0.0063,50,2.137,1,0,1,4,102,4,101,14,116,,,,,,,,,,,
公民實況轉播組,group,2015-04-25 to 2015-04-25,1,0,0,1.335,0,0,1,26,37,25,38,13,40,,,,,,,,,,,
綠色主張工作室,group,2012-07-31 to 2012-07-31,1,0,0,1.5642,0,0,1,2,88,1,258,15,148,,,,,,,,,,,
雲林縣淺海養殖協會,group,2015-06-06 to 2016-06-05,2,0.0226,50,0.9451,1,0,1,7,89,24,24,16,104,,,,,,,,,,,
反大學法人化陣線,group,2012-05-01 to 2012-05-01,1,0,0,1.4616,0,0,1,1,190,2,181,20,186,,,,,,,,,,,
陳家自救會,group,2012-11-25 to 2013-11-17,2,1e-04,50,5.5659,1,0,2,1,190,2,181,20,186,,,,,,,,,,,
台灣護理產業工會,group,2014-05-01 to 2014-05-01,1,0,0,1.831,0,0,1,1,190,2,181,20,186,,,,,,,,,,,
鐵路工會全國聯合會,group,2015-05-01 to 2015-05-01,1,0,0,1.4873,0,0,1,1,190,2,181,20,186,,,,,,,,,,,
澳門彩虹,group,2015-10-31 to 2015-10-31,1,0,0,0.8367,0,0,1,4,102,4,101,14,116,,,,,,,,,,,
家福股份有限公司工會,group,2016-11-27 to 2016-11-27,1,0,0,2.1766,0,0,1,1,190,2,181,20,186,,,,,,,,,,,
法務部公務人員協會,group,2016-09-03 to 2016-09-03,1,0,0,0.0984,0,0,1,19,60,29,60,7,59,,,,,,,,,,,
好蟾蜍工作室,group,2016-09-10 to 2016-09-10,1,0,0,0.6544,0,0,1,16,57,9,48,12,53,,,,,,,,,,,
一邊一國行動聯盟,group,2018-05-05 to 2018-05-05,1,0,0,0.6267,0,0,1,28,27,23,31,15,148,,,,,,,,,,,
西海岸反空污聯盟,group,2015-06-06 to 2015-06-06,1,0,0,0.2809,0,0,1,7,89,24,24,16,104,,,,,,,,,,,
大學學生權利調查評鑑小組,group,2012-05-01 to 2012-05-01,1,0,0,1.4616,0,0,1,1,190,2,181,20,186,,,,,,,,,,,
光合教育工作室,group,2012-03-11 to 2013-03-09,2,0.005,50,8.854,1,0,1,3,158,1,258,21,153,,,,,,,,,,,
台灣外星人研究所,group,2013-03-09 to 2013-03-09,1,0,0,5.3364,0,0,1,3,158,1,258,21,153,,,,,,,,,,,
青少年性別文教會,group,2014-10-25 to 2014-10-25,1,0,0,0.7722,0,0,1,4,102,4,101,14,116,,,,,,,,,,,
桃勤公司企業工會,group,2016-11-27 to 2016-11-27,1,0,0,2.1766,0,0,1,1,190,2,181,20,186,,,,,,,,,,,
台北市二二八公義關懷協會,group,2016-06-05 to 2016-06-05,1,0,0,0.6643,0,0,1,7,89,6,70,16,104,,,,,,,,,,,
全國私立學校產業工會,group,2017-05-01 to 2017-05-01,1,0,0,1.0766,0,0,1,1,190,2,181,20,186,,,,,,,,,,,
勞保局公務人員協會,group,2016-09-03 to 2016-09-03,1,0,0,0.0984,0,0,1,19,60,29,60,7,59,,,,,,,,,,,
安和自辦重劃自救會,group,2016-09-10 to 2016-09-10,1,0,0,0.6544,0,0,1,16,57,9,48,12,53,,,,,,,,,,,
打狗文史再興會社,group,2015-04-25 to 2015-04-25,1,0,0,1.335,0,0,1,26,37,25,38,13,40,,,,,,,,,,,
西海岸保護協會,group,2015-06-06 to 2015-06-06,1,0,0,0.2809,0,0,1,7,89,24,24,16,104,,,,,,,,,,,
桃園市教育產業工會,group,2015-11-19 to 2016-11-27,3,1.1787,66.6667,5.2483,1,0,1,1,190,2,181,20,186,,,,,,,,,,,
高雄市綠色協會,group,2016-06-05 to 2016-06-05,1,0,0,0.6643,0,0,1,7,89,6,70,16,104,,,,,,,,,,,
東海大學工會,group,2017-05-01 to 2017-05-01,1,0,0,1.0766,0,0,1,1,190,2,181,20,186,,,,,,,,,,,
作歷史先備團,group,2018-02-28 to 2018-02-28,1,0,0,0.8804,0,0,1,11,18,26,19,15,148,,,,,,,,,,,
交通部公務人員協會,group,2016-09-03 to 2016-09-03,1,0,0,0.0984,0,0,1,19,60,29,60,7,59,,,,,,,,,,,
高雄市公民監督公僕聯盟,group,2015-07-23 to 2015-07-23,1,0,0,1.5376,0,0,1,21,23,1,258,18,65,,,,,,,,,,,
彰化縣鐵路村文化再生協會,group,2015-04-25 to 2015-04-25,1,0,0,1.335,0,0,1,26,37,25,38,13,40,,,,,,,,,,,
台灣國辦公室,group,2015-03-14 to 2018-05-05,2,0.0561,50,4.8814,1,0,1,28,27,23,31,15,148,,,,,,,,,,,
南方水盟,group,2016-06-05 to 2016-06-05,1,0,0,0.6643,0,0,1,7,89,6,70,16,104,,,,,,,,,,,
花蓮縣社會工作人員職業工會籌備小組,group,2017-05-01 to 2017-05-01,1,0,0,1.0766,0,0,1,1,190,2,181,20,186,,,,,,,,,,,
行政院人事行政總處公務人員協會,group,2016-09-03 to 2016-09-03,1,0,0,0.0984,0,0,1,19,60,29,60,7,59,,,,,,,,,,,
岡山旺角自救會,group,2016-09-10 to 2016-09-10,1,0,0,0.6544,0,0,1,16,57,9,48,12,53,,,,,,,,,,,
貓頭鷹親子教育基金會,group,2012-07-31 to 2012-07-31,1,0,0,1.5642,0,0,1,2,88,1,258,15,148,,,,,,,,,,,
彰化縣諮商心理師公會,group,2015-10-31 to 2015-10-31,1,0,0,0.8367,0,0,1,4,102,4,101,14,116,,,,,,,,,,,
华人彩虹联盟,group,2016-10-29 to 2016-10-29,1,0,0,1.1035,0,0,1,4,102,4,101,14,116,,,,,,,,,,,
南投縣社會工作人員職業工會籌備小組,group,2017-05-01 to 2017-05-01,1,0,0,1.0766,0,0,1,1,190,2,181,20,186,,,,,,,,,,,
新活力自立生活協會,group,2017-10-28 to 2017-10-28,1,0,0,1.044,0,0,1,4,102,4,101,14,116,,,,,,,,,,,
新北市公務人員協會,group,2016-09-03 to 2016-09-03,1,0,0,0.0984,0,0,1,19,60,29,60,7,59,,,,,,,,,,,
東勢交流道反徵收自救會,group,2016-09-10 to 2016-09-10,1,0,0,0.6544,0,0,1,16,57,9,48,12,53,,,,,,,,,,,
相和作社,group,2015-04-25 to 2015-04-25,1,0,0,1.335,0,0,1,26,37,25,38,13,40,,,,,,,,,,,
台灣醫療勞動正義與病人安全促進聯盟,group,2014-05-01 to 2014-05-01,1,0,0,1.831,0,0,1,1,190,2,181,20,186,,,,,,,,,,,
紅樓部屋,group,2014-10-25 to 2014-10-25,1,0,0,0.7722,0,0,1,4,102,4,101,14,116,,,,,,,,,,,
基進工作室,group,2018-03-11 to 2018-03-11,1,0,0,2.0697,0,0,1,3,158,1,258,21,153,,,,,,,,,,,
楊逵文教協會,group,2018-02-28 to 2018-02-28,1,0,0,0.8804,0,0,1,11,18,26,19,15,148,,,,,,,,,,,
新竹縣公務人員協會,group,2016-09-03 to 2016-09-03,1,0,0,0.0984,0,0,1,19,60,29,60,7,59,,,,,,,,,,,
東豐快速道路東勢段自救會,group,2016-09-10 to 2016-09-10,1,0,0,0.6544,0,0,1,16,57,9,48,12,53,,,,,,,,,,,
台灣勞動政策與社會研究協會,group,2014-03-18 to 2014-03-18,1,0,0,2.2622,0,0,1,10,74,1,258,19,73,,,,,,,,,,,
Voice深夜講堂,group,2015-04-25 to 2015-04-25,1,0,0,1.335,0,0,1,26,37,25,38,13,40,,,,,,,,,,,
蔡瑞月文化基金會,group,2018-02-28 to 2018-05-05,2,0.0246,50,1.5071,1,0,1,28,27,23,31,15,148,,,,,,,,,,,
政治大學學生勞動權益促進會,group,2014-05-01 to 2014-05-01,1,0,0,1.831,0,0,1,1,190,2,181,20,186,,,,,,,,,,,
第玖節讀書會,group,2014-10-25 to 2015-04-25,2,0.1198,50,2.1072,1,0,1,26,37,25,38,14,116,,,,,,,,,,,
凱基銀行工會,group,2016-11-27 to 2016-11-27,1,0,0,2.1766,0,0,1,1,190,2,181,20,186,,,,,,,,,,,
台灣殘障希望工程協會,group,2017-10-28 to 2017-10-28,1,0,0,1.044,0,0,1,4,102,4,101,14,116,,,,,,,,,,,
宜蘭縣公務人員協會,group,2016-09-03 to 2016-09-03,1,0,0,0.0984,0,0,1,19,60,29,60,7,59,,,,,,,,,,,
臺北機廠文史守護聯盟,group,2015-04-25 to 2015-04-25,1,0,0,1.335,0,0,1,26,37,25,38,13,40,,,,,,,,,,,
雲林縣環保聯盟,group,2015-06-06 to 2015-06-06,1,0,0,0.2809,0,0,1,7,89,24,24,16,104,,,,,,,,,,,
宜蘭縣崗給原住民永續發展協會,group,2012-03-11 to 2012-03-11,1,0,0,3.5176,0,0,1,3,158,1,258,21,153,,,,,,,,,,,
台灣巡禮2,group,2013-03-09 to 2013-03-09,1,0,0,5.3364,0,0,1,3,158,1,258,21,153,,,,,,,,,,,
台灣出版自由陣線,group,2014-05-01 to 2014-05-01,1,0,0,1.831,0,0,1,1,190,2,181,20,186,,,,,,,,,,,
前衛出版社,group,2014-03-08 to 2014-03-08,1,0,0,2.8705,0,0,1,3,158,1,258,21,153,,,,,,,,,,,
台南市社區大學研究發展學會,group,2016-06-05 to 2016-06-05,1,0,0,0.6643,0,0,1,7,89,6,70,16,104,,,,,,,,,,,
桃園市社會工作人員職業工會,group,2017-05-01 to 2017-05-01,1,0,0,1.0766,0,0,1,1,190,2,181,20,186,,,,,,,,,,,
台灣性諮商協會,group,2017-10-28 to 2017-10-28,1,0,0,1.044,0,0,1,4,102,4,101,14,116,,,,,,,,,,,
綠色逗陣之友會,group,2018-02-28 to 2018-02-28,1,0,0,0.8804,0,0,1,11,18,26,19,15,148,,,,,,,,,,,
教育部公務人員協會,group,2016-09-03 to 2016-09-03,1,0,0,0.0984,0,0,1,19,60,29,60,7,59,,,,,,,,,,,
台灣製造產業大聯盟,group,2014-03-18 to 2014-03-18,1,0,0,2.2622,0,0,1,10,74,1,258,19,73,,,,,,,,,,,
反貧困聯盟,group,2014-10-04 to 2014-10-04,1,0,0,3.0214,0,0,1,10,74,1,258,19,73,,,,,,,,,,,
好勁稻工作室,group,2015-03-14 to 2015-04-25,2,0.0231,50,5.5897,1,0,1,26,37,25,38,13,40,,,,,,,,,,,
彰化縣環保聯盟,group,2015-06-06 to 2015-06-06,1,0,0,0.2809,0,0,1,7,89,24,24,16,104,,,,,,,,,,,
高雄市社會工作人員職業工會,group,2017-05-01 to 2017-05-01,1,0,0,1.0766,0,0,1,1,190,2,181,20,186,,,,,,,,,,,
財政部公務人員協會,group,2016-09-03 to 2016-09-03,1,0,0,0.0984,0,0,1,19,60,29,60,7,59,,,,,,,,,,,
板橋大觀事件自救會,group,2016-09-10 to 2016-09-10,1,0,0,0.6544,0,0,1,16,57,9,48,12,53,,,,,,,,,,,
台南市東山區嶺南社區發展協會,group,2016-06-05 to 2016-06-05,1,0,0,0.6643,0,0,1,7,89,6,70,16,104,,,,,,,,,,,
專櫃暨銷售人員工會,group,2017-05-01 to 2017-05-01,1,0,0,1.0766,0,0,1,1,190,2,181,20,186,,,,,,,,,,,
新竹市諮商心理師公會,group,2017-10-28 to 2017-10-28,1,0,0,1.044,0,0,1,4,102,4,101,14,116,,,,,,,,,,,
蘆荻社區大學,group,2018-03-11 to 2018-03-11,1,0,0,2.0697,0,0,1,3,158,1,258,21,153,,,,,,,,,,,
新竹市公務人員協會,group,2016-09-03 to 2016-09-03,1,0,0,0.0984,0,0,1,19,60,29,60,7,59,,,,,,,,,,,
長春自辦重劃自救會,group,2016-09-10 to 2016-09-10,1,0,0,0.6544,0,0,1,16,57,9,48,12,53,,,,,,,,,,,
華光護樹志工隊,group,2015-04-25 to 2015-04-25,1,0,0,1.335,0,0,1,26,37,25,38,13,40,,,,,,,,,,,
中華國際物流與運輸經營協會,group,2018-05-05 to 2018-05-05,1,0,0,0.6267,0,0,1,28,27,23,31,15,148,,,,,,,,,,,
龜重溪保護協會,group,2016-06-05 to 2016-06-05,1,0,0,0.6643,0,0,1,7,89,6,70,16,104,,,,,,,,,,,
海巡署公務人員協會,group,2016-09-03 to 2016-09-03,1,0,0,0.0984,0,0,1,19,60,29,60,7,59,,,,,,,,,,,
南投原墾農民促進會,group,2016-09-10 to 2016-09-10,1,0,0,0.6544,0,0,1,16,57,9,48,12,53,,,,,,,,,,,
新北市陸一特協會,group,2018-05-05 to 2018-05-05,1,0,0,0.6267,0,0,1,28,27,23,31,15,148,,,,,,,,,,,
柳河文化工作室,group,2012-03-11 to 2012-03-11,1,0,0,3.5176,0,0,1,3,158,1,258,21,153,,,,,,,,,,,
台灣社區關懷協會,group,2013-03-09 to 2013-03-09,1,0,0,5.3364,0,0,1,3,158,1,258,21,153,,,,,,,,,,,
荒野新竹鄉土關懷組,group,2015-03-14 to 2015-03-14,1,0,0,4.2547,0,0,1,3,158,1,258,21,153,,,,,,,,,,,
新移民勞動權益促進會,group,2016-11-27 to 2016-11-27,1,0,0,2.1766,0,0,1,1,190,2,181,20,186,,,,,,,,,,,
新北市社會工作人員職業工會,group,2017-05-01 to 2017-05-01,1,0,0,1.0766,0,0,1,1,190,2,181,20,186,,,,,,,,,,,
國民黨青年團,group,2017-10-28 to 2017-10-28,1,0,0,1.044,0,0,1,4,102,4,101,14,116,,,,,,,,,,,
僑務委員會公務人員協會,group,2016-09-03 to 2016-09-03,1,0,0,0.0984,0,0,1,19,60,29,60,7,59,,,,,,,,,,,
南鐵青年,group,2016-09-10 to 2016-09-10,1,0,0,0.6544,0,0,1,16,57,9,48,12,53,,,,,,,,,,,
台北市社工師工會,group,2014-10-04 to 2014-10-04,1,0,0,3.0214,0,0,1,10,74,1,258,19,73,,,,,,,,,,,
言論自由聯盟,group,2018-05-05 to 2018-05-05,1,0,0,0.6267,0,0,1,28,27,23,31,15,148,,,,,,,,,,,
彰化健康空氣行動聯盟,group,2015-06-06 to 2015-06-06,1,0,0,0.2809,0,0,1,7,89,24,24,16,104,,,,,,,,,,,
台灣自由貿易調查局,group,2014-05-01 to 2014-05-01,1,0,0,1.831,0,0,1,1,190,2,181,20,186,,,,,,,,,,,
溫仔圳反迫遷連線,group,2016-11-27 to 2016-11-27,1,0,0,2.1766,0,0,1,1,190,2,181,20,186,,,,,,,,,,,
彰化縣幸福媽媽協會,group,2016-06-05 to 2016-06-05,1,0,0,0.6643,0,0,1,7,89,6,70,16,104,,,,,,,,,,,
嘉基工會,group,2017-05-01 to 2017-05-01,1,0,0,1.0766,0,0,1,1,190,2,181,20,186,,,,,,,,,,,
南澳青年聯盟,group,2018-03-11 to 2018-03-11,1,0,0,2.0697,0,0,1,3,158,1,258,21,153,,,,,,,,,,,
南投縣公務人員協會,group,2016-09-03 to 2016-09-03,1,0,0,0.0984,0,0,1,19,60,29,60,7,59,,,,,,,,,,,
屏東共和新村眷改自救會,group,2016-09-10 to 2016-09-10,1,0,0,0.6544,0,0,1,16,57,9,48,12,53,,,,,,,,,,,
台北市糖部文化協會,group,2014-10-04 to 2014-10-04,1,0,0,3.0214,0,0,1,10,74,1,258,19,73,,,,,,,,,,,
綠色21台灣聯盟,group,2013-03-09 to 2015-04-25,2,0.0518,50,6.6714,1,0,1,26,37,25,38,13,40,,,,,,,,,,,
台灣學習黨,group,2018-05-05 to 2018-05-05,1,0,0,0.6267,0,0,1,28,27,23,31,15,148,,,,,,,,,,,
嘉義健康空氣行動聯盟,group,2015-06-06 to 2015-06-06,1,0,0,0.2809,0,0,1,7,89,24,24,16,104,,,,,,,,,,,
台灣動物社會研究會,group,2013-03-09 to 2013-03-09,1,0,0,5.3364,0,0,1,3,158,1,258,21,153,,,,,,,,,,,
民主黑潮學生聯盟,group,2014-05-01 to 2014-05-01,1,0,0,1.831,0,0,1,1,190,2,181,20,186,,,,,,,,,,,
新文化工作隊,group,2014-03-08 to 2014-03-08,1,0,0,2.8705,0,0,1,3,158,1,258,21,153,,,,,,,,,,,
大肚山學會,group,2016-06-05 to 2016-06-05,1,0,0,0.6643,0,0,1,7,89,6,70,16,104,,,,,,,,,,,
喜願社區協力農業營生群組,group,2018-03-11 to 2018-03-11,1,0,0,2.0697,0,0,1,3,158,1,258,21,153,,,,,,,,,,,
衛福部公務人員協會,group,2016-09-03 to 2016-09-03,1,0,0,0.0984,0,0,1,19,60,29,60,7,59,,,,,,,,,,,
屏東崇仁新村眷户自舍拍賣自救會,group,2016-09-10 to 2016-09-10,1,0,0,0.6544,0,0,1,16,57,9,48,12,53,,,,,,,,,,,
桃園藝文陣線,group,2015-04-25 to 2015-04-25,1,0,0,1.335,0,0,1,26,37,25,38,13,40,,,,,,,,,,,
台南健康空氣行動聯盟,group,2015-06-06 to 2015-06-06,1,0,0,0.2809,0,0,1,7,89,24,24,16,104,,,,,,,,,,,
噪音管制關懷者聯盟,group,2016-06-05 to 2016-06-05,1,0,0,0.6643,0,0,1,7,89,6,70,16,104,,,,,,,,,,,
無性戀社群,group,2017-10-28 to 2017-10-28,1,0,0,1.044,0,0,1,4,102,4,101,14,116,,,,,,,,,,,
喜願小麥農友團,group,2018-03-11 to 2018-03-11,1,0,0,2.0697,0,0,1,3,158,1,258,21,153,,,,,,,,,,,
基隆市公務人員協會,group,2016-09-03 to 2016-09-03,1,0,0,0.0984,0,0,1,19,60,29,60,7,59,,,,,,,,,,,
苗栗大埔自救會,group,2016-09-10 to 2016-09-10,1,0,0,0.6544,0,0,1,16,57,9,48,12,53,,,,,,,,,,,
青年氣候聯盟,group,2015-04-25 to 2015-04-25,1,0,0,1.335,0,0,1,26,37,25,38,13,40,,,,,,,,,,,
口湖鄉拒設火葬場自救會,group,2015-06-06 to 2015-06-06,1,0,0,0.2809,0,0,1,7,89,24,24,16,104,,,,,,,,,,,
瓶蓋工廠守衛隊,group,2013-11-17 to 2013-11-17,1,0,0,3.0509,0,0,1,1,190,2,181,20,186,,,,,,,,,,,
自由邊緣,group,2014-05-01 to 2014-05-01,1,0,0,1.831,0,0,1,1,190,2,181,20,186,,,,,,,,,,,
七股鄉鹽埕村氣象雷達電磁波受害者自救會,group,2016-06-05 to 2016-06-05,1,0,0,0.6643,0,0,1,7,89,6,70,16,104,,,,,,,,,,,
喜願咱糧聚樂部,group,2018-03-11 to 2018-03-11,1,0,0,2.0697,0,0,1,3,158,1,258,21,153,,,,,,,,,,,
桃科二期自救會,group,2016-09-10 to 2016-09-10,1,0,0,0.6544,0,0,1,16,57,9,48,12,53,,,,,,,,,,,
耕聲人,group,2013-03-09 to 2013-03-09,1,0,0,5.3364,0,0,1,3,158,1,258,21,153,,,,,,,,,,,
二樓,group,2014-05-01 to 2014-05-01,1,0,0,1.831,0,0,1,1,190,2,181,20,186,,,,,,,,,,,
台灣圖書室文化協會,group,2016-06-05 to 2016-06-05,1,0,0,0.6643,0,0,1,7,89,6,70,16,104,,,,,,,,,,,
喜願麵包工作坊,group,2018-03-11 to 2018-03-11,1,0,0,2.0697,0,0,1,3,158,1,258,21,153,,,,,,,,,,,
全國退休教師聯盟,group,2016-09-03 to 2016-09-03,1,0,0,0.0984,0,0,1,19,60,29,60,7,59,,,,,,,,,,,
桃園航空城反迫遷聯盟,group,2016-09-10 to 2016-09-10,1,0,0,0.6544,0,0,1,16,57,9,48,12,53,,,,,,,,,,,
快樂公民學苑,group,2014-03-18 to 2014-03-18,1,0,0,2.2622,0,0,1,10,74,1,258,19,73,,,,,,,,,,,
青島三,group,2014-05-01 to 2014-05-01,1,0,0,1.831,0,0,1,1,190,2,181,20,186,,,,,,,,,,,
台灣環境輻射走調團,group,2015-03-14 to 2015-03-14,1,0,0,4.2547,0,0,1,3,158,1,258,21,153,,,,,,,,,,,
大愛同盟,group,2017-10-28 to 2017-10-28,1,0,0,1.044,0,0,1,4,102,4,101,14,116,,,,,,,,,,,
喜願穀物製粉所,group,2018-03-11 to 2018-03-11,1,0,0,2.0697,0,0,1,3,158,1,258,21,153,,,,,,,,,,,
全國教育退休人員協會,group,2016-09-03 to 2016-09-03,1,0,0,0.0984,0,0,1,19,60,29,60,7,59,,,,,,,,,,,
桃園龜山反大湖重劃自救會,group,2016-09-10 to 2016-09-10,1,0,0,0.6544,0,0,1,16,57,9,48,12,53,,,,,,,,,,,
民主黑潮,group,2015-04-25 to 2015-04-25,1,0,0,1.335,0,0,1,26,37,25,38,13,40,,,,,,,,,,,
喜願日光發電場,group,2018-03-11 to 2018-03-11,1,0,0,2.0697,0,0,1,3,158,1,258,21,153,,,,,,,,,,,
高雄大林浦金煙囪文化協進會,group,2016-09-10 to 2016-09-10,1,0,0,0.6544,0,0,1,16,57,9,48,12,53,,,,,,,,,,,
獨臺新社,group,2015-03-14 to 2015-04-25,2,0.0231,50,5.5897,1,0,1,26,37,25,38,13,40,,,,,,,,,,,
新北市三重社區大學,group,2012-03-11 to 2012-03-11,1,0,0,3.5176,0,0,1,3,158,1,258,21,153,,,,,,,,,,,
陽明山古蹟聚落生態護育聯盟,group,2013-11-17 to 2013-11-17,1,0,0,3.0509,0,0,1,1,190,2,181,20,186,,,,,,,,,,,
嘉義市洪雅文化協會,group,2016-06-05 to 2016-06-05,1,0,0,0.6643,0,0,1,7,89,6,70,16,104,,,,,,,,,,,
彩虹酷兒健康文化中心,group,2017-10-28 to 2017-10-28,1,0,0,1.044,0,0,1,4,102,4,101,14,116,,,,,,,,,,,
新北市板橋社區大學,group,2012-03-11 to 2012-03-11,1,0,0,3.5176,0,0,1,3,158,1,258,21,153,,,,,,,,,,,
高雄縣教師會,group,2016-09-03 to 2016-09-03,1,0,0,0.0984,0,0,1,19,60,29,60,7,59,,,,,,,,,,,
高雄市前鎮第一公有市場自救會,group,2016-09-10 to 2016-09-10,1,0,0,0.6544,0,0,1,16,57,9,48,12,53,,,,,,,,,,,
苑裡掀海風,group,2015-04-25 to 2015-04-25,1,0,0,1.335,0,0,1,26,37,25,38,13,40,,,,,,,,,,,
新北市林口社區大學,group,2012-03-11 to 2012-03-11,1,0,0,3.5176,0,0,1,3,158,1,258,21,153,,,,,,,,,,,
雙溪反水庫自救會,group,2018-03-11 to 2018-03-11,1,0,0,2.0697,0,0,1,3,158,1,258,21,153,,,,,,,,,,,
臺中市教育產業工會,group,2016-09-03 to 2016-09-03,1,0,0,0.0984,0,0,1,19,60,29,60,7,59,,,,,,,,,,,
台灣獨立革命軍,group,2015-04-25 to 2015-04-25,1,0,0,1.335,0,0,1,26,37,25,38,13,40,,,,,,,,,,,
新北市淡水社區大學,group,2012-03-11 to 2012-03-11,1,0,0,3.5176,0,0,1,3,158,1,258,21,153,,,,,,,,,,,
臺灣實踐民權發展社,group,2018-03-11 to 2018-03-11,1,0,0,2.0697,0,0,1,3,158,1,258,21,153,,,,,,,,,,,
新北市新店崇光社區大學,group,2012-03-11 to 2014-10-04,2,0.01,50,6.539,1,0,1,10,74,1,258,21,153,,,,,,,,,,,
苗栗縣教師會,group,2016-09-03 to 2016-09-03,1,0,0,0.0984,0,0,1,19,60,29,60,7,59,,,,,,,,,,,
新北市新莊社區大學,group,2012-03-11 to 2014-10-04,2,0.01,50,6.539,1,0,1,10,74,1,258,21,153,,,,,,,,,,,
台灣維新基金會,group,2013-03-09 to 2013-03-09,1,0,0,5.3364,0,0,1,3,158,1,258,21,153,,,,,,,,,,,
高雄市美濃愛鄉協進會,group,2016-06-05 to 2016-06-05,1,0,0,0.6643,0,0,1,7,89,6,70,16,104,,,,,,,,,,,
屏東縣教師職業工會,group,2016-09-03 to 2016-09-03,1,0,0,0.0984,0,0,1,19,60,29,60,7,59,,,,,,,,,,,
紹興學程,group,2015-03-14 to 2016-09-10,2,0.1147,50,4.9091,1,0,1,16,57,9,48,21,153,,,,,,,,,,,
反中華愛國同心會公民陣線,group,2015-04-25 to 2015-04-25,1,0,0,1.335,0,0,1,26,37,25,38,13,40,,,,,,,,,,,
新北市萬金石海洋社區大學,group,2012-03-11 to 2012-03-11,1,0,0,3.5176,0,0,1,3,158,1,258,21,153,,,,,,,,,,,
新竹縣教師會,group,2016-09-03 to 2016-09-03,1,0,0,0.0984,0,0,1,19,60,29,60,7,59,,,,,,,,,,,
新北市樹林社區大學,group,2012-03-11 to 2012-03-11,1,0,0,3.5176,0,0,1,3,158,1,258,21,153,,,,,,,,,,,
花蓮縣教師職業工會,group,2016-09-03 to 2016-09-03,1,0,0,0.0984,0,0,1,19,60,29,60,7,59,,,,,,,,,,,
塭仔圳反迫遷連線,group,2016-09-10 to 2016-09-10,1,0,0,0.6544,0,0,1,16,57,9,48,12,53,,,,,,,,,,,
新北市蘆荻社區大學,group,2012-03-11 to 2012-03-11,1,0,0,3.5176,0,0,1,3,158,1,258,21,153,,,,,,,,,,,
台北市精進教育人員產業工會,group,2016-09-03 to 2016-09-03,1,0,0,0.0984,0,0,1,19,60,29,60,7,59,,,,,,,,,,,
新店瑠公圳陳罔市家族迫遷案,group,2016-09-10 to 2016-09-10,1,0,0,0.6544,0,0,1,16,57,9,48,12,53,,,,,,,,,,,
職業安全健康連線,group,2014-10-04 to 2014-10-04,1,0,0,3.0214,0,0,1,10,74,1,258,19,73,,,,,,,,,,,
台灣聯合國協進會,group,2013-03-09 to 2013-03-09,1,0,0,5.3364,0,0,1,3,158,1,258,21,153,,,,,,,,,,,
基進側翼,group,2015-03-14 to 2015-03-14,1,0,0,4.2547,0,0,1,3,158,1,258,21,153,,,,,,,,,,,
公職退休人員聯誼暨關懷服務協會,group,2016-09-03 to 2016-09-03,1,0,0,0.0984,0,0,1,19,60,29,60,7,59,,,,,,,,,,,
翻轉社工學生聯盟,group,2015-04-25 to 2015-04-25,1,0,0,1.335,0,0,1,26,37,25,38,13,40,,,,,,,,,,,
瘋綠電聯盟,group,2012-03-11 to 2013-03-09,2,0.005,50,8.854,1,0,1,3,158,1,258,21,153,,,,,,,,,,,
台灣聯合國協進會青年團,group,2013-03-09 to 2013-03-09,1,0,0,5.3364,0,0,1,3,158,1,258,21,153,,,,,,,,,,,
公教軍警聯合總會,group,2016-09-03 to 2016-09-03,1,0,0,0.0984,0,0,1,19,60,29,60,7,59,,,,,,,,,,,
大溝頂老街自救會,group,2016-09-10 to 2016-09-10,1,0,0,0.6544,0,0,1,16,57,9,48,12,53,,,,,,,,,,,
天母綠玉聯盟,group,2015-04-25 to 2015-04-25,1,0,0,1.335,0,0,1,26,37,25,38,13,40,,,,,,,,,,,
苗栗縣退休公教人員協會,group,2016-09-03 to 2016-09-03,1,0,0,0.0984,0,0,1,19,60,29,60,7,59,,,,,,,,,,,
鳳山莒光三村自救會,group,2016-09-10 to 2016-09-10,1,0,0,0.6544,0,0,1,16,57,9,48,12,53,,,,,,,,,,,
廢除R1行動聯盟,group,2015-04-25 to 2015-04-25,1,0,0,1.335,0,0,1,26,37,25,38,13,40,,,,,,,,,,,
冤獄平反協會,group,2015-03-14 to 2015-03-14,1,0,0,4.2547,0,0,1,3,158,1,258,21,153,,,,,,,,,,,
中華民國各級公教退休人員協會,group,2016-09-03 to 2016-09-03,1,0,0,0.0984,0,0,1,19,60,29,60,7,59,,,,,,,,,,,
全國工會服務業產業工會,group,2014-10-04 to 2014-10-04,1,0,0,3.0214,0,0,1,10,74,1,258,19,73,,,,,,,,,,,
雙和小蜜蜂,group,2015-04-25 to 2015-04-25,1,0,0,1.335,0,0,1,26,37,25,38,13,40,,,,,,,,,,,
台北市退休警察人員協會,group,2016-09-03 to 2016-09-03,1,0,0,0.0984,0,0,1,19,60,29,60,7,59,,,,,,,,,,,
臺北市支持流浪貓絕育計劃協會,group,2015-04-25 to 2015-04-25,1,0,0,1.335,0,0,1,26,37,25,38,13,40,,,,,,,,,,,
白刷刷黑戶人權行動聯盟,group,2013-03-09 to 2013-03-09,1,0,0,5.3364,0,0,1,3,158,1,258,21,153,,,,,,,,,,,
新北市退休警察人員協會,group,2016-09-03 to 2016-09-03,1,0,0,0.0984,0,0,1,19,60,29,60,7,59,,,,,,,,,,,
黎明自辦重劃自救會,group,2016-09-10 to 2016-09-10,1,0,0,0.6544,0,0,1,16,57,9,48,12,53,,,,,,,,,,,
愛囡仔小組,group,2015-03-14 to 2015-03-14,1,0,0,4.2547,0,0,1,3,158,1,258,21,153,,,,,,,,,,,
兒少法29條研究會,group,2014-10-04 to 2014-10-04,1,0,0,3.0214,0,0,1,10,74,1,258,19,73,,,,,,,,,,,
豐勢交流道反徵收自救會,group,2016-09-10 to 2016-09-10,1,0,0,0.6544,0,0,1,16,57,9,48,12,53,,,,,,,,,,,
全國家長團體聯盟,group,2013-03-09 to 2013-03-09,1,0,0,5.3364,0,0,1,3,158,1,258,21,153,,,,,,,,,,,
灣寶自救會,group,2016-09-10 to 2016-09-10,1,0,0,0.6544,0,0,1,16,57,9,48,12,53,,,,,,,,,,,
三蘆人反核陣線,group,2015-03-14 to 2015-03-14,1,0,0,4.2547,0,0,1,3,158,1,258,21,153,,,,,,,,,,,
藍色東港溪保育協會,group,2012-03-11 to 2012-03-11,1,0,0,3.5176,0,0,1,3,158,1,258,21,153,,,,,,,,,,,
建築改革社,group,2014-10-04 to 2014-10-04,1,0,0,3.0214,0,0,1,10,74,1,258,19,73,,,,,,,,,,,
蘭嶼青年行動聯盟,group,2012-03-11 to 2013-03-09,2,0.005,50,8.854,1,0,1,3,158,1,258,21,153,,,,,,,,,,,
自然形成空間工作室,group,2013-03-09 to 2013-03-09,1,0,0,5.3364,0,0,1,3,158,1,258,21,153,,,,,,,,,,,
宜蘭縣環保聯盟,group,2013-03-09 to 2013-03-09,1,0,0,5.3364,0,0,1,3,158,1,258,21,153,,,,,,,,,,,
電音反核陣線,group,2013-03-09 to 2015-03-14,2,0.0049,50,9.5911,1,0,1,3,158,1,258,21,153,,,,,,,,,,,
溪州部落後援會,group,2014-10-04 to 2014-10-04,1,0,0,3.0214,0,0,1,10,74,1,258,19,73,,,,,,,,,,,
台灣公義會,group,2015-03-14 to 2015-03-14,1,0,0,4.2547,0,0,1,3,158,1,258,21,153,,,,,,,,,,,
蔡瑞月舞蹈研究社,group,2014-10-04 to 2014-10-04,1,0,0,3.0214,0,0,1,10,74,1,258,19,73,,,,,,,,,,,
屏東縣愛鄉協會,group,2013-03-09 to 2013-03-09,1,0,0,5.3364,0,0,1,3,158,1,258,21,153,,,,,,,,,,,
桃園市反核辦公室,group,2013-03-09 to 2013-03-09,1,0,0,5.3364,0,0,1,3,158,1,258,21,153,,,,,,,,,,,
草山生態文史聯盟,group,2013-03-09 to 2013-03-09,1,0,0,5.3364,0,0,1,3,158,1,258,21,153,,,,,,,,,,,
動物園復興運動家族,group,2013-03-09 to 2013-03-09,1,0,0,5.3364,0,0,1,3,158,1,258,21,153,,,,,,,,,,,
凱達格蘭學校,group,2013-03-09 to 2013-03-09,1,0,0,5.3364,0,0,1,3,158,1,258,21,153,,,,,,,,,,,
新竹荒野鄉土關懷組,group,2013-03-09 to 2013-03-09,1,0,0,5.3364,0,0,1,3,158,1,258,21,153,,,,,,,,,,,
環保聯盟北海岸分會,group,2013-03-09 to 2013-03-09,1,0,0,5.3364,0,0,1,3,158,1,258,21,153,,,,,,,,,,,
